Workbook

Sheet Student Master
F1: =SUBTOTAL(3,F3:F2096) -> 248 | I1: =COUNTIF(I3:I2089,"WIP") -> 73 | J1: =SUBTOTAL(3,J3:J2096) -> 248 | K1: =SUBTOTAL(9,K3:K2096) -> 217650 | L1: =SUBTOTAL(9,L3:L2096) -> 214050 | AA1: =SUBTOTAL(9,AA3:AA2096) -> 891800 | AB1: =SUBTOTAL(9,AB3:AB2096) -> 833700
A2: Revised Fee/Pending Fee | B2: 28-DEC-EXAM ? | C2: 28-DEC-EXAM ? | D2: # | E2: Student No | F2: Student Name | G2: Level # | H2: Student | I2: Level Progress | J2: Level Name | K2: Kit and Books Fee -Expected | L2: Kit and Books Fee -Received | M2: Kit and Books Fee -Received On | N2: Kits/Books Issued to Student On | O2: Level Joined On | P2: Batch | Q2: Level Completed on | R2: MONTHS TAken to complete levvel | S2: NO OF SESSIONS TAKEN | T2: Exam Planned Date | U2: Exam Actual Date | V2: Score | W2: Nominated for Trophy | X2: Trophy Season /Lot | Y2: Trophy Distributed | Z2: Fee Model | AA2: Expected Fee | AB2: Received Fee | AC2: Received Total Fee | AD2: Fee Received On | AE2: # Months if Monthly | AF2: Remark | AG2: GAPY/CASH?
D3: 1 | E3: A001 | F3: Aaditya Patil | G3: A01 | H3: =CONCATENATE(E3,"_",F3,"_",G3) -> A001_Aaditya Patil_A01 | I3: Completed | J3: Jr.KG | K3: 1650 | L3: 1650 | M3: 44841 | N3: 44841 | O3: 44841 | P3: O-M-F-3-4 | Q3: 44928 | R3: =(IF(Q3="",(TODAY()-O3),(Q3-O3)))/30 -> 2.9 | S3: =ROUNDUP(R3*8,0) -> 24 | Z3: 1st Free | AA3: 0 | AB3: 0 | AC3: NA | AD3: NA
D4: 2 | E4: A001 | F4: Aaditya Patil | G4: A03 | H4: =CONCATENATE(E4,"_",F4,"_",G4) -> A001_Aaditya Patil_A03 | I4: Completed | J4: Runner-1 | K4: 600 | L4: 600 | M4: 44929 | N4: 44929 | O4: 44929 | P4: O-M-F-3-4 | Q4: 45046 | R4: =(IF(Q4="",(TODAY()-O4),(Q4-O4)))/30 -> 3.9 | S4: =ROUNDUP(R4*8,0) -> 32 | Z4: Always Free | AA4: 0 | AB4: 0 | AC4: NA
D5: 3 | E5: A002 | F5: Tanush Thosare | G5: A01 | H5: =CONCATENATE(E5,"_",F5,"_",G5) -> A002_Tanush Thosare_A01 | I5: Completed | J5: Jr.KG | K5: 1600 | L5: 1600 | M5: 44841 | N5: 44841 | O5: 44841 | P5: O-M-F-3-4 | Q5: 44927 | R5: =(IF(Q5="",(TODAY()-O5),(Q5-O5)))/30 -> 2.8666667 | S5: =ROUNDUP(R5*8,0) -> 23 | Z5: 1st Special Fee | AA5: 2500 | AB5: 2500 | AC5: Yes | AD5: 44927
D6: 4 | E6: A002 | F6: Tanush Thosare | G6: A03 | H6: =CONCATENATE(E6,"_",F6,"_",G6) -> A002_Tanush Thosare_A03 | I6: Completed | J6: Runner-1 | K6: 600 | L6: 600 | M6: 44929 | N6: 44929 | O6: 44929 | P6: O-M-F-3-4 | Q6: 45040 | R6: =(IF(Q6="",(TODAY()-O6),(Q6-O6)))/30 -> 3.7 | S6: =ROUNDUP(R6*8,0) -> 30 | Z6: Level Wise | AA6: 3600 | AB6: 3600 | AC6: Yes | AD6: 45040
D7: 5 | E7: A003 | F7: Prathmesh Zope | G7: A08 | H7: =CONCATENATE(E7,"_",F7,"_",G7) -> A003_Prathmesh Zope_A08 | I7: Completed | J7: Sprinter Level-1 | K7: 1600 | L7: 1600 | M7: 44868 | N7: 44868 | O7: 44870 | P7: M-F-7-8 | Q7: 45034 | R7: =(IF(Q7="",(TODAY()-O7),(Q7-O7)))/30 -> 5.4666667 | S7: =ROUNDUP(R7*8,0) -> 44 | Z7: Level Wise | AA7: 3600 | AB7: 3600 | AC7: Yes | AD7: 44868
D8: 6 | E8: A003 | F8: Prathmesh Zope | G8: A09 | H8: =CONCATENATE(E8,"_",F8,"_",G8) -> A003_Prathmesh Zope_A09 | I8: Completed | J8: Sprinter Level-2 | K8: 400 | L8: 400 | M8: 45034 | N8: 45034 | O8: 45034 | P8: M-F-7-8 | Q8: 45121 | R8: =(IF(Q8="",(TODAY()-O8),(Q8-O8)))/30 -> 2.9 | S8: =ROUNDUP(R8*8,0) -> 24 | Z8: Level Wise | AA8: 3600 | AB8: 3600 | AC8: Yes | AD8: 45034
D9: 7 | E9: A003 | F9: Prathmesh Zope | G9: A10 | H9: =CONCATENATE(E9,"_",F9,"_",G9) -> A003_Prathmesh Zope_A10 | I9: Completed | J9: Sprinter Level-3 | K9: 400 | L9: 400 | M9: 45124 | N9: 45121 | O9: 45121 | P9: M-F-7-8 | Q9: 45268 | R9: =(IF(Q9="",(TODAY()-O9),(Q9-O9)))/30 -> 4.9 | S9: =ROUNDUP(R9*8,0) -> 40 | Z9: Level Wise | AA9: 3600 | AB9: 3600 | AC9: Yes | AD9: 45124
D10: 8 | E10: A003 | F10: Prathmesh Zope | G10: A11 | H10: =CONCATENATE(E10,"_",F10,"_",G10) -> A003_Prathmesh Zope_A11 | I10: Completed | J10: Sprinter Level-4 | K10: 400 | L10: 400 | M10: 45264 | N10: 45264 | O10: 45268 | P10: M-F-7-8 | Q10: 45437 | R10: =(IF(Q10="",(TODAY()-O10),(Q10-O10)))/30 -> 5.6333333 | S10: =ROUNDUP(R10*8,0) -> 46 | Z10: Level Wise | AA10: 3600 | AB10: 3600 | AC10: Yes | AD10: 45264
D11: 9 | E11: A003 | F11: Prathmesh Zope | G11: A12 | H11: =CONCATENATE(E11,"_",F11,"_",G11) -> A003_Prathmesh Zope_A12 | I11: Completed | J11: Advance Level-1 | K11: 400 | L11: 400 | M11: 45447 | N11: 45444 | O11: 45444 | P11: M-F-7-8 | Q11: 45629 | R11: =(IF(Q11="",(TODAY()-O11),(Q11-O11)))/30 -> 6.1666667 | S11: =ROUNDUP(R11*8,0) -> 50 | T11: 45629 | U11: 45629 | V11: 0.82 | W11: yes | X11: 2 | Y11: Yes | Z11: Level Wise | AA11: 3600 | AB11: 3600 | AC11: Yes | AD11: 45495
A12: Level Extension | B12: YES | D12: 10 | E12: A003 | F12: Prathmesh Zope | G12: A13 | H12: =CONCATENATE(E12,"_",F12,"_",G12) -> A003_Prathmesh Zope_A13 | I12: WIP | J12: Advance Level-2 | K12: 400 | M12: 45632 | N12: 45632 | O12: 45632 | P12: M-W-7-8 | R12: =(IF(Q12="",(TODAY()-O12),(Q12-O12)))/30 -> 11.8 | S12: =ROUNDUP(R12*8,0) -> 95 | Z12: Level Wise | AA12: 3600 | AB12: 3600 | AC12: Yes | AD12: 45686 | AE12: Gpay
D13: 11 | E13: A004 | F13: Asmi Kshirsagar | G13: A08 | H13: =CONCATENATE(E13,"_",F13,"_",G13) -> A004_Asmi Kshirsagar_A08 | I13: Completed | J13: Sprinter Level-1 | K13: 1600 | L13: 1600 | M13: 45263 | N13: 44868 | O13: 44870 | P13: M-F-7-8 | Q13: 45058 | R13: =(IF(Q13="",(TODAY()-O13),(Q13-O13)))/30 -> 6.2666667 | S13: =ROUNDUP(R13*8,0) -> 51 | Z13: Level Wise | AA13: 3600 | AB13: 3600 | AC13: Yes | AD13: 44935
D14: 12 | E14: A004 | F14: Asmi Kshirsagar | G14: A09 | H14: =CONCATENATE(E14,"_",F14,"_",G14) -> A004_Asmi Kshirsagar_A09 | I14: Completed | J14: Sprinter Level-2 | K14: 400 | L14: 400 | M14: 45058 | N14: 45058 | O14: 45058 | P14: M-F-7-8 | Q14: 45168 | R14: =(IF(Q14="",(TODAY()-O14),(Q14-O14)))/30 -> 3.6666667 | S14: =ROUNDUP(R14*8,0) -> 30 | Z14: Level Wise | AA14: 3600 | AB14: 3600 | AC14: Yes | AD14: 45058
D15: 13 | E15: A004 | F15: Asmi Kshirsagar | G15: A10 | H15: =CONCATENATE(E15,"_",F15,"_",G15) -> A004_Asmi Kshirsagar_A10 | I15: Completed | J15: Sprinter Level-3 | K15: 400 | L15: 400 | M15: 45186 | N15: 45186 | O15: 45180 | P15: M-F-7-8 | R15: =(IF(Q15="",(TODAY()-O15),(Q15-O15)))/30 -> 26.866667 | S15: =ROUNDUP(R15*8,0) -> 215 | T15: only exam pending | Z15: Level Wise | AA15: 3600 | AB15: 3600 | AC15: Yes | AD15: 45186
D16: 14 | E16: A005 | F16: Yatharth Kaushik | G16: V01 | H16: =CONCATENATE(E16,"_",F16,"_",G16) -> A005_Yatharth Kaushik_V01 | I16: Completed | J16: Vedic Level-1 | K16: 1600 | L16: 1600 | M16: 44897 | N16: 44897 | O16: 44889 | P16: T-T-6-7 | Q16: 44985 | R16: =(IF(Q16="",(TODAY()-O16),(Q16-O16)))/30 -> 3.2 | S16: =ROUNDUP(R16*8,0) -> 26 | Z16: Level Wise | AA16: 3600 | AB16: 3600 | AC16: Yes | AD16: 44985
D17: 15 | E17: A005 | F17: Yatharth Kaushik | G17: V02 | H17: =CONCATENATE(E17,"_",F17,"_",G17) -> A005_Yatharth Kaushik_V02 | I17: Completed | J17: Vedic Level-2 | K17: 600 | L17: 600 | M17: 45000 | N17: 44990 | O17: 44990 | P17: T-T-6-7 | Q17: 45076 | R17: =(IF(Q17="",(TODAY()-O17),(Q17-O17)))/30 -> 2.8666667 | S17: =ROUNDUP(R17*8,0) -> 23 | Z17: Level Wise | AA17: 3600 | AB17: 3600 | AC17: Yes | AD17: 45048
D18: 16 | E18: A006 | F18: Kushal Patil | G18: A03 | H18: =CONCATENATE(E18,"_",F18,"_",G18) -> A006_Kushal Patil_A03 | I18: Completed | J18: Runner-1 | K18: 1600 | L18: 1600 | M18: 44892 | N18: 44892 | O18: 44892 | P18: O-T-T-5-6 | Q18: 44969 | R18: =(IF(Q18="",(TODAY()-O18),(Q18-O18)))/30 -> 2.5666667 | S18: =ROUNDUP(R18*8,0) -> 21 | Z18: Level Wise | AA18: 3600 | AB18: 3600 | AC18: Yes | AD18: 44969
D19: 17 | E19: A006 | F19: Kushal Patil | G19: A04 | H19: =CONCATENATE(E19,"_",F19,"_",G19) -> A006_Kushal Patil_A04 | I19: Completed | J19: Runner-2 | K19: 600 | L19: 600 | M19: 45048 | N19: 45032 | O19: 45032 | P19: O-T-T-5-6 | Q19: 45137 | R19: =(IF(Q19="",(TODAY()-O19),(Q19-O19)))/30 -> 3.5 | S19: =ROUNDUP(R19*8,0) -> 28 | Z19: Level Wise | AA19: 3600 | AB19: 3600 | AC19: Yes | AD19: 45082
D20: 18 | E20: A006 | F20: Kushal Patil | G20: A05 | H20: =CONCATENATE(E20,"_",F20,"_",G20) -> A006_Kushal Patil_A05 | I20: Completed | J20: Runner-3 | K20: 600 | L20: 600 | M20: 45141 | N20: 45141 | O20: 45139 | P20: O-T-T-5-6 | Q20: 45229 | R20: =(IF(Q20="",(TODAY()-O20),(Q20-O20)))/30 -> 3 | S20: =ROUNDUP(R20*8,0) -> 24 | T20: Exam Pending | Z20: Level Wise | AA20: 3600 | AB20: 3600 | AC20: Yes | AD20: 45141
D21: 19 | E21: A007 | F21: Selene Kaur | G21: A03 | H21: =CONCATENATE(E21,"_",F21,"_",G21) -> A007_Selene Kaur_A03 | I21: Completed | J21: Runner-1 | K21: 1600 | L21: 1600 | M21: 44957 | N21: 44960 | O21: 44960 | P21: M-F-5-6 | Q21: 45078 | R21: =(IF(Q21="",(TODAY()-O21),(Q21-O21)))/30 -> 3.9333333 | S21: =ROUNDUP(R21*8,0) -> 32 | Z21: Level Wise | AA21: 3600 | AB21: 3600 | AC21: Yes | AD21: 45078
D22: 20 | E22: A007 | F22: Selene Kaur | G22: A04 | H22: =CONCATENATE(E22,"_",F22,"_",G22) -> A007_Selene Kaur_A04 | I22: Completed | J22: Runner-2 | K22: 400 | L22: 400 | M22: 45140 | N22: 45135 | O22: 45135 | P22: M-F-5-6 | Q22: 45204 | R22: =(IF(Q22="",(TODAY()-O22),(Q22-O22)))/30 -> 2.3 | S22: =ROUNDUP(R22*8,0) -> 19 | Z22: Level Wise | AA22: 3600 | AB22: 3600 | AC22: Yes | AD22: 45204
D23: 21 | E23: A007 | F23: Selene Kaur | G23: A05 | H23: =CONCATENATE(E23,"_",F23,"_",G23) -> A007_Selene Kaur_A05 | I23: Completed | J23: Runner-3 | K23: 400 | L23: 400 | M23: 45263 | N23: 45263 | O23: 45266 | P23: M-F-5-6 | Q23: 45412 | R23: =(IF(Q23="",(TODAY()-O23),(Q23-O23)))/30 -> 4.8666667 | S23: =ROUNDUP(R23*8,0) -> 39 | T23: Exam Pending | Z23: Level Wise | AA23: 3600 | AB23: 3600 | AC23: Yes | AD23: 45330
D24: 22 | E24: A008 | F24: Dighvi Nikumbh | G24: A01 | H24: =CONCATENATE(E24,"_",F24,"_",G24) -> A008_Dighvi Nikumbh_A01 | I24: Completed | J24: Jr.KG | K24: 1600 | L24: 1600 | M24: 44970 | N24: 44960 | O24: 44960 | P24: M-F-5-6 | Q24: 45046 | R24: =(IF(Q24="",(TODAY()-O24),(Q24-O24)))/30 -> 2.8666667 | S24: =ROUNDUP(R24*8,0) -> 23 | Z24: Level Wise | AA24: 3000 | AB24: 3000 | AC24: Yes | AD24: 45067
D25: 23 | E25: A008 | F25: Dighvi Nikumbh | G25: A02 | H25: =CONCATENATE(E25,"_",F25,"_",G25) -> A008_Dighvi Nikumbh_A02 | I25: Completed | J25: Sr.KG | K25: 400 | L25: 400 | M25: 45058 | N25: 45055 | O25: 45055 | P25: M-F-5-6 | Q25: 45150 | R25: =(IF(Q25="",(TODAY()-O25),(Q25-O25)))/30 -> 3.1666667 | S25: =ROUNDUP(R25*8,0) -> 26 | Z25: Level Wise | AA25: 3000 | AB25: 3000 | AC25: Yes | AD25: 45150
D26: 24 | E26: A008 | F26: Dighvi Nikumbh | G26: A03 | H26: =CONCATENATE(E26,"_",F26,"_",G26) -> A008_Dighvi Nikumbh_A03 | I26: Completed | J26: Runner-1 | K26: 400 | L26: 400 | M26: 45152 | N26: 45152 | O26: 45152 | P26: M-F-7-8 | Q26: 45534 | R26: =(IF(Q26="",(TODAY()-O26),(Q26-O26)))/30 -> 12.733333 | S26: =ROUNDUP(R26*8,0) -> 102 | V26: 0.91 | Z26: Level Wise | AA26: 3600 | AB26: 3600 | AC26: Yes | AD26: 45250
D27: 25 | E27: A009 | F27: Saiansh Kumar | G27: A03 | H27: =CONCATENATE(E27,"_",F27,"_",G27) -> A009_Saiansh Kumar_A03 | I27: Completed | J27: Runner-1 | K27: 1600 | L27: 1600 | M27: 45003 | N27: 45002 | O27: 45002 | P27: M-F-5-6 | Q27: 45219 | R27: =(IF(Q27="",(TODAY()-O27),(Q27-O27)))/30 -> 7.2333333 | S27: =ROUNDUP(R27*8,0) -> 58 | Z27: Level Wise | AA27: 3600 | AB27: 3600 | AC27: Yes | AD27: 45110
D28: 26 | E28: A009 | F28: Saiansh Kumar | G28: A04 | H28: =CONCATENATE(E28,"_",F28,"_",G28) -> A009_Saiansh Kumar_A04 | I28: Completed | J28: Runner-2 | K28: 400 | L28: 400 | M28: 45221 | N28: 13-Oct023 | O28: 45212 | P28: M-F-5-6 | Q28: 45350 | R28: =(IF(Q28="",(TODAY()-O28),(Q28-O28)))/30 -> 4.6 | S28: =ROUNDUP(R28*8,0) -> 37 | Z28: Level Wise | AA28: 3600 | AB28: 3600 | AC28: Yes | AD28: 45327
D29: 27 | E29: A010 | F29: Atharva Titave | G29: A02 | H29: =CONCATENATE(E29,"_",F29,"_",G29) -> A010_Atharva Titave_A02 | I29: Completed | J29: Sr.KG | K29: 1600 | L29: 1600 | M29: 45021 | N29: 45021 | O29: 45018 | P29: SAT-4-6 | Q29: 45122 | R29: =(IF(Q29="",(TODAY()-O29),(Q29-O29)))/30 -> 3.4666667 | S29: =ROUNDUP(R29*8,0) -> 28 | Z29: Level Wise | AA29: 3600 | AB29: 3600 | AC29: Yes | AD29: 45066
D30: 28 | E30: A010 | F30: Atharva Titave | G30: A03 | H30: =CONCATENATE(E30,"_",F30,"_",G30) -> A010_Atharva Titave_A03 | I30: Completed | J30: Runner-1 | K30: 400 | L30: 400 | M30: 45123 | N30: 45123 | O30: 45121 | P30: SAT-4-6 | Q30: 45342 | R30: =(IF(Q30="",(TODAY()-O30),(Q30-O30)))/30 -> 7.3666667 | S30: =ROUNDUP(R30*8,0) -> 59 | Z30: Level Wise | AA30: 3600 | AB30: 3600 | AC30: Yes | AD30: 45199
D31: 29 | E31: A010 | F31: Atharva Titave | G31: A04 | H31: =CONCATENATE(E31,"_",F31,"_",G31) -> A010_Atharva Titave_A04 | I31: Completed | J31: Runner-2 | K31: 400 | L31: 400 | M31: 45352 | N31: 45352 | O31: 45360 | P31: SAT-4-6 | Q31: 45501 | R31: =(IF(Q31="",(TODAY()-O31),(Q31-O31)))/30 -> 4.7 | S31: =ROUNDUP(R31*8,0) -> 38 | T31: 45493 | U31: 45501 | V31: 0.83 | Z31: Level Wise | AA31: 3600 | AB31: 3600 | AC31: Yes | AD31: 45442 | AE31: 5
D32: 30 | E32: A010 | F32: Atharva Titave | G32: A05 | H32: =CONCATENATE(E32,"_",F32,"_",G32) -> A010_Atharva Titave_A05 | I32: Completed | J32: Runner-3 | K32: 400 | L32: 400 | M32: 45553 | N32: 45501 | O32: 45501 | P32: SAT-4-6 | Q32: 45724 | R32: =(IF(Q32="",(TODAY()-O32),(Q32-O32)))/30 -> 7.4333333 | S32: =ROUNDUP(R32*8,0) -> 60 | T32: 45724 | U32: 45724 | V32: 0.95 | W32: Yes | Y32: Yes | Z32: Level Wise | AA32: 3600 | AB32: 3600 | AC32: yes | AD32: 45553
A33: Level Fee & Extension | B33: YES | D33: 31 | E33: A010 | F33: Atharva Titave | G33: A06 | H33: =CONCATENATE(E33,"_",F33,"_",G33) -> A010_Atharva Titave_A06 | I33: WIP | J33: Runner-4 | K33: 400 | L33: 400 | M33: 45729 | N33: 45752 | O33: 45752 | P33: SAT-4-6 | Z33: Level Wise | AA33: 3600
D34: 32 | E34: A011 | F34: Shresth Deb | G34: A03 | H34: =CONCATENATE(E34,"_",F34,"_",G34) -> A011_Shresth Deb_A03 | I34: Completed | J34: Runner-1 | K34: 1600 | L34: 1600 | M34: 45020 | N34: 45020 | O34: 45020 | P34: M-F-7-8 | Q34: 45128 | R34: =(IF(Q34="",(TODAY()-O34),(Q34-O34)))/30 -> 3.6 | S34: =ROUNDUP(R34*8,0) -> 29 | Z34: Monthly | AA34: 4800 | AB34: 4800 | AC34: Yes | AD34: 45113
D35: 33 | E35: A011 | F35: Shresth Deb | G35: A04 | H35: =CONCATENATE(E35,"_",F35,"_",G35) -> A011_Shresth Deb_A04 | I35: Completed | J35: Runner-2 | K35: 400 | L35: 400 | M35: 45135 | N35: 45135 | O35: 45124 | P35: M-F-7-8 | Q35: 45200 | R35: =(IF(Q35="",(TODAY()-O35),(Q35-O35)))/30 -> 2.5333333 | S35: =ROUNDUP(R35*8,0) -> 21 | Z35: Monthly | AA35: 3600 | AB35: 3600 | AC35: Yes | AD35: 45201
D36: 34 | E36: A011 | F36: Shresth Deb | G36: A05 | H36: =CONCATENATE(E36,"_",F36,"_",G36) -> A011_Shresth Deb_A05 | I36: Completed | J36: Runner-3 | K36: 400 | L36: 400 | M36: 45208 | N36: 45205 | O36: 45205 | P36: M-F-7-8 | Q36: 45327 | R36: =(IF(Q36="",(TODAY()-O36),(Q36-O36)))/30 -> 4.0666667 | S36: =ROUNDUP(R36*8,0) -> 33 | Z36: Monthly | AA36: 4800 | AB36: 4800 | AC36: Yes | AD36: 45327
D37: 35 | E37: A011 | F37: Shresth Deb | G37: A06 | H37: =CONCATENATE(E37,"_",F37,"_",G37) -> A011_Shresth Deb_A06 | I37: Completed | J37: Runner-4 | K37: 400 | L37: 400 | M37: 45362 | N37: 45352 | O37: 45352 | P37: M-F-7-8 | Q37: 45831 | R37: =(IF(Q37="",(TODAY()-O37),(Q37-O37)))/30 -> 15.966667 | S37: =ROUNDUP(R37*8,0) -> 128 | Z37: Monthly | AA37: 5400 | AB37: 5400 | AC37: NO | AD37: 45478 | AE37: 5
B38: NO | D38: 36 | E38: A011 | F38: Shresth Deb | G38: A07 | H38: =CONCATENATE(E38,"_",F38,"_",G38) -> A011_Shresth Deb_A07 | I38: WIP | J38: Runner 5 | K38: 400 | L38: 400 | M38: 45831 | N38: 45831 | O38: 45831 | Z38: Monthly | AA38: 3600 | AB38: 4800 | AC38: No | AD38: 45933 | AE38: 4 | AF38: gpay
D39: 37 | E39: A012 | F39: Swara Patil | G39: A02 | H39: =CONCATENATE(E39,"_",F39,"_",G39) -> A012_Swara Patil_A02 | I39: Completed | J39: Sr.KG | K39: 1600 | L39: 1600 | M39: 45026 | N39: 45026 | O39: 45026 | P39: SAT-4-6 | Q39: 45073 | R39: =(IF(Q39="",(TODAY()-O39),(Q39-O39)))/30 -> 1.5666667 | S39: =ROUNDUP(R39*8,0) -> 13 | Z39: Level Wise | AA39: 3600 | AB39: 3600 | AC39: Yes | AD39: 45073
D40: 38 | E40: A012 | F40: Swara Patil | G40: A03 | H40: =CONCATENATE(E40,"_",F40,"_",G40) -> A012_Swara Patil_A03 | I40: WIP_InActive | J40: Runner-1 | K40: 400 | L40: 400 | M40: 45152 | N40: 45152 | O40: 45152 | P40: SAT-4-6 | R40: =(IF(Q40="",(TODAY()-O40),(Q40-O40)))/30 -> 27.8 | S40: =ROUNDUP(R40*8,0) -> 223 | Z40: Level Wise | AA40: 3600 | AB40: 3600 | AC40: Yes | AD40: 45152
D41: 39 | E41: A013 | F41: Shlesh Nemade | G41: V01 | H41: =CONCATENATE(E41,"_",F41,"_",G41) -> A013_Shlesh Nemade_V01 | I41: Completed | J41: Vedic Level-1 | K41: 0 | L41: 0 | M41: 45027 | N41: 45027 | O41: 45027 | P41: Daily-10PM | Q41: 45058 | R41: =(IF(Q41="",(TODAY()-O41),(Q41-O41)))/30 -> 1.0333333 | S41: =ROUNDUP(R41*8,0) -> 9 | Z41: Level Wise | AA41: 5000 | AB41: 5000 | AC41: Yes | AD41: 45058
D42: 40 | E42: A014 | F42: Riyansh Dalvi | G42: A01 | H42: =CONCATENATE(E42,"_",F42,"_",G42) -> A014_Riyansh Dalvi_A01 | I42: Completed | J42: Jr.KG | K42: 1600 | L42: 1600 | M42: 45028 | N42: 45028 | O42: 45028 | P42: M-F-5-6 | Q42: 45137 | R42: =(IF(Q42="",(TODAY()-O42),(Q42-O42)))/30 -> 3.6333333 | S42: =ROUNDUP(R42*8,0) -> 30 | T42: Exam is pending | Z42: Level Wise | AA42: 3600 | AB42: 3600 | AC42: 45028
D43: 41 | E43: A015 | F43: Ishan Prasad | G43: A03 | H43: =CONCATENATE(E43,"_",F43,"_",G43) -> A015_Ishan Prasad_A03 | I43: Completed | J43: Runner-1 | K43: 400 | L43: 400 | M43: 45121 | N43: 45121 | O43: 45117 | P43: M-F-7-8 | Q43: 45298 | R43: =(IF(Q43="",(TODAY()-O43),(Q43-O43)))/30 -> 6.0333333 | S43: =ROUNDUP(R43*8,0) -> 49 | Z43: 1st Free | AA43: 3600 | AB43: 0 | AC43: NA
D44: 42 | E44: A015 | F44: Ishan Prasad | G44: A04 | H44: =CONCATENATE(E44,"_",F44,"_",G44) -> A015_Ishan Prasad_A04 | I44: Completed | J44: Runner-2 | K44: 400 | L44: 400 | M44: 45305 | N44: 45305 | O44: 45306 | P44: M-F-7-8 | Q44: 45421 | R44: =(IF(Q44="",(TODAY()-O44),(Q44-O44)))/30 -> 3.8333333 | S44: =ROUNDUP(R44*8,0) -> 31 | Z44: Monthly | AA44: 3600 | AB44: 3600 | AC44: Yes | AD44: 45414
D45: 43 | E45: A015 | F45: Ishan Prasad | G45: A05 | H45: =CONCATENATE(E45,"_",F45,"_",G45) -> A015_Ishan Prasad_A05 | I45: WIP_InActive | J45: Runner-3 | K45: 400 | L45: 400 | M45: 45428 | N45: 45419 | O45: 45419 | P45: T-T-6-7 | R45: =(IF(Q45="",(TODAY()-O45),(Q45-O45)))/30 -> 18.9 | S45: =ROUNDUP(R45*8,0) -> 152 | Z45: Monthly | AA45: 3600 | AB45: 3600 | AC45: NO | AD45: 45545 | AF45: MAY 24 FEE RECEIVED
D46: 44 | E46: A016 | F46: Nihir Galani | G46: A03 | H46: =CONCATENATE(E46,"_",F46,"_",G46) -> A016_Nihir Galani_A03 | I46: Completed | J46: Runner-1 | K46: 550 | L46: 550 | M46: 45117 | N46: 45117 | O46: 45117 | P46: M-F-5-6 | Q46: 45180 | R46: =(IF(Q46="",(TODAY()-O46),(Q46-O46)))/30 -> 2.1 | S46: =ROUNDUP(R46*8,0) -> 17 | Z46: Level Wise | AA46: 3600 | AB46: 3600 | AC46: Yes | AD46: 45180
D47: 45 | E47: A017 | F47: Aarohi Fegde | G47: A03 | H47: =CONCATENATE(E47,"_",F47,"_",G47) -> A017_Aarohi Fegde_A03 | I47: Completed | J47: Runner-1 | K47: 1600 | L47: 1600 | M47: 45125 | N47: 45125 | O47: 45124 | P47: T-T-6-7 | Q47: 45260 | R47: =(IF(Q47="",(TODAY()-O47),(Q47-O47)))/30 -> 4.5333333 | S47: =ROUNDUP(R47*8,0) -> 37 | Z47: Monthly | AA47: 4800 | AB47: 4800 | AC47: Yes | AD47: 45250
D48: 46 | E48: A017 | F48: Aarohi Fegde | G48: A04 | H48: =CONCATENATE(E48,"_",F48,"_",G48) -> A017_Aarohi Fegde_A04 | I48: Completed | J48: Runner-2 | K48: 400 | L48: 400 | M48: 45264 | N48: 45264 | O48: 45264 | P48: T-T-6-7 | Q48: 45333 | R48: =(IF(Q48="",(TODAY()-O48),(Q48-O48)))/30 -> 2.3 | S48: =ROUNDUP(R48*8,0) -> 19 | T48: 45333 | U48: 45333 | Z48: Monthly | AA48: 2400 | AB48: 2400 | AC48: NO | AD48: 45333
D49: 47 | E49: A017 | F49: Aarohi Fegde | G49: A05 | H49: =CONCATENATE(E49,"_",F49,"_",G49) -> A017_Aarohi Fegde_A05 | I49: Completed | J49: Runner-3 | K49: 400 | L49: 400 | M49: 45344 | N49: 45344 | O49: 45344 | P49: T-T-6-7 | Q49: 45433 | R49: =(IF(Q49="",(TODAY()-O49),(Q49-O49)))/30 -> 2.9666667 | S49: =ROUNDUP(R49*8,0) -> 24 | T49: 45433 | U49: 45433 | V49: 0.99 | Z49: Monthly | AA49: 3600 | AB49: 3600 | AC49: Yes | AD49: 45433 | AE49: 3
D50: 48 | E50: A017 | F50: Aarohi Fegde | G50: A06 | H50: =CONCATENATE(E50,"_",F50,"_",G50) -> A017_Aarohi Fegde_A06 | I50: WIP_InActive | J50: Runner-4 | K50: 400 | L50: 400 | M50: 45461 | N50: 45444 | O50: 45444 | P50: T-T-6-7 | R50: =(IF(Q50="",(TODAY()-O50),(Q50-O50)))/30 -> 18.066667 | S50: =ROUNDUP(R50*8,0) -> 145 | Z50: Monthly | AA50: 3600 | AB50: 4800 | AC50: Yes | AD50: 45639 | AE50: 4
D51: 49 | E51: A018 | F51: Kaivalya Patil | G51: A03 | H51: =CONCATENATE(E51,"_",F51,"_",G51) -> A018_Kaivalya Patil_A03 | I51: Completed | J51: Runner-1 | K51: 1600 | L51: 1600 | M51: 45140 | N51: 45140 | O51: 45131 | Q51: 45235 | R51: =(IF(Q51="",(TODAY()-O51),(Q51-O51)))/30 -> 3.4666667 | S51: =ROUNDUP(R51*8,0) -> 28 | Z51: Level Wise | AA51: 3600 | AB51: 3600 | AC51: Yes | AD51: 45235
D52: 50 | E52: A019 | F52: Ira Deshmukh | G52: A08 | H52: =CONCATENATE(E52,"_",F52,"_",G52) -> A019_Ira Deshmukh_A08 | I52: WIP_InActive | J52: Sprinter Level-1 | K52: 1600 | L52: 1600 | M52: 45261 | N52: 45261 | O52: 45261 | P52: M-F-7-8 | Q52: 45473 | R52: =(IF(Q52="",(TODAY()-O52),(Q52-O52)))/30 -> 7.0666667 | S52: =ROUNDUP(R52*8,0) -> 57 | Z52: Monthly | AA52: =1200*AE52 -> 8400 | AB52: 6000 | AC52: NO | AD52: 45478 | AE52: 7 | AF52: excluding one month
D53: 51 | E53: A020 | F53: Riyanshi Varma | G53: A08 | H53: =CONCATENATE(E53,"_",F53,"_",G53) -> A020_Riyanshi Varma_A08 | I53: Completed | J53: Sprinter Level-1 | K53: 400 | L53: 400 | M53: 45269 | N53: 45269 | O53: 45261 | P53: M-F-5-6 | Q53: 45412 | R53: =(IF(Q53="",(TODAY()-O53),(Q53-O53)))/30 -> 5.0333333 | S53: =ROUNDUP(R53*8,0) -> 41 | Z53: Monthly | AA53: 4800 | AB53: 4800 | AC53: Yes | AD53: 45372
D54: 52 | E54: A021 | F54: Abhay Patil | G54: A03 | H54: =CONCATENATE(E54,"_",F54,"_",G54) -> A021_Abhay Patil_A03 | I54: Completed | J54: Runner-1 | K54: 1600 | L54: 1600 | M54: 45305 | N54: 45306 | O54: 45306 | P54: T-T-6-7 | Q54: 45442 | R54: =(IF(Q54="",(TODAY()-O54),(Q54-O54)))/30 -> 4.5333333 | S54: =ROUNDUP(R54*8,0) -> 37 | T54: 45442 | U54: 45442 | V54: 0.95 | Z54: Monthly | AA54: =1200*AE54 -> 4800 | AB54: 4800 | AC54: Yes | AD54: 45447 | AE54: 4
A55: On Track Advance Payment Policy | B55: YES | D55: 53 | E55: A021 | F55: Abhay Patil | G55: A04 | H55: =CONCATENATE(E55,"_",F55,"_",G55) -> A021_Abhay Patil_A04 | I55: WIP | J55: Runner-2 | K55: 400 | L55: 400 | M55: 45447 | N55: 45447 | O55: 45922 | P55: MT-6-7 | S55: =ROUNDUP(R55*8,0) -> 0 | Z55: Monthly | AA55: 3600 | AB55: 4000 | AC55: No | AD55: 30-MAY-24, 29-Sep-25 | AE55: 3 | AF55: Gpay
D56: 54 | E56: A022 | F56: Prisha Chormule | G56: A02 | H56: =CONCATENATE(E56,"_",F56,"_",G56) -> A022_Prisha Chormule_A02 | I56: Completed | J56: Sr.KG | K56: 1600 | L56: 1600 | M56: 45266 | N56: 45309 | O56: 45309 | P56: T-T-6-7 | Q56: 45473 | R56: =(IF(Q56="",(TODAY()-O56),(Q56-O56)))/30 -> 5.4666667 | S56: =ROUNDUP(R56*8,0) -> 44 | V56: 0.93 | Z56: Level Wise | AA56: 3000 | AB56: 3000 | AC56: Yes | AD56: 45369
D57: 55 | E57: A023 | F57: Dhruv Bawankar | G57: A03 | H57: =CONCATENATE(E57,"_",F57,"_",G57) -> A023_Dhruv Bawankar_A03 | I57: WIP_InActive | J57: Runner-1 | K57: 1600 | L57: 1600 | M57: 45331 | N57: 45331 | O57: 45316 | P57: M-W-4-5 | Q57: 45473 | R57: =(IF(Q57="",(TODAY()-O57),(Q57-O57)))/30 -> 5.2333333 | S57: =ROUNDUP(R57*8,0) -> 42 | Z57: Monthly | AA57: =1200*AE57 -> 12000 | AB57: 4800 | AC57: NO | AD57: 45457 | AE57: =MONTH(TODAY()-O57) -> 10
D58: 56 | E58: A024 | F58: Shreshth Gupta | G58: A02 | H58: =CONCATENATE(E58,"_",F58,"_",G58) -> A024_Shreshth Gupta_A02 | I58: Completed | J58: Sr.KG | K58: 1600 | L58: 1600 | M58: 45327 | N58: 45332 | O58: 45332 | P58: O-Daily-2-3 | Q58: 45442 | R58: =(IF(Q58="",(TODAY()-O58),(Q58-O58)))/30 -> 3.6666667 | S58: =ROUNDUP(R58*8,0) -> 30 | V58: 1 | Z58: Per Session | AA58: 4800 | AB58: 4800 | AC58: Yes | AD58: 45419
D59: 57 | E59: A024 | F59: Shreshth Gupta | G59: A03 | H59: =CONCATENATE(E59,"_",F59,"_",G59) -> A024_Shreshth Gupta_A03 | I59: Completed | J59: Runner-1 | K59: 400 | L59: 400 | M59: 45444 | N59: 45444 | O59: 45444 | P59: Sun 4-6 | Q59: 45662 | R59: =(IF(Q59="",(TODAY()-O59),(Q59-O59)))/30 -> 7.2666667 | S59: =ROUNDUP(R59*8,0) -> 59 | T59: 45662 | U59: 45662 | V59: 1 | Z59: Monthly | AA59: =1200*AE59 -> 6000 | AB59: 7200 | AC59: Yes | AD59: 45632 | AE59: 5
D60: 58 | E60: A024 | F60: Shreshth Gupta | G60: A04 | H60: =CONCATENATE(E60,"_",F60,"_",G60) -> A024_Shreshth Gupta_A04 | I60: Completed | J60: Runner-2 | K60: 400 | L60: 400 | M60: 45662 | N60: 45662 | O60: 45662 | P60: Sun 4-6 | Q60: 45816 | R60: =(IF(Q60="",(TODAY()-O60),(Q60-O60)))/30 -> 5.1333333 | S60: =ROUNDUP(R60*8,0) -> 42 | T60: 45816 | U60: 45816 | V60: 0.96 | Z60: Monthly | AA60: 3600 | AB60: =4800+1500 -> 6300 | AC60: yes | AD60: 45783 | AE60: 5 | AF60: gpay
D61: 59 | E61: A024 | F61: Shreshth Gupta | G61: A05 | H61: =CONCATENATE(E61,"_",F61,"_",G61) -> A024_Shreshth Gupta_A05 | I61: Completed | J61: Runner-3 | K61: 400 | L61: 400 | M61: 45823 | N61: 45823 | O61: 45823 | P61: Sun-4-6 | Q61: 45923 | T61: 45923 | U61: 45923 | V61: 0.96 | Z61: Level Wise | AA61: 3600 | AB61: 3600 | AC61: Yes | AD61: 45850 | AE61: 3 | AF61: Gpay
B62: YES | D62: 60 | E62: A024 | F62: Shreshth Gupta | G62: A05 | H62: =CONCATENATE(E62,"_",F62,"_",G62) -> A024_Shreshth Gupta_A05 | I62: WIP | J62: Runner-4 | K62: 400 | L62: 400 | M62: 45945 | N62: 45945 | O62: 45945 | Z62: Level Wise | AA62: 4800 | AB62: 4800 | AC62: Yes | AD62: 45945 | AF62: Paid full fee level wise on day 1 of level | AG62: GPAY
D63: 61 | E63: A025 | F63: Chaitnya Bhave | G63: A03 | H63: =CONCATENATE(E63,"_",F63,"_",G63) -> A025_Chaitnya Bhave_A03 | I63: Completed | J63: Runner-1 | K63: 1600 | L63: 1600 | M63: 45347 | N63: 45354 | O63: 45354 | P63: SAT-4-6 | Q63: 45568 | R63: =(IF(Q63="",(TODAY()-O63),(Q63-O63)))/30 -> 7.1333333 | S63: =ROUNDUP(R63*8,0) -> 58 | V63: 0.95 | Z63: Monthly | AA63: =1200*AE63 -> 8400 | AB63: 7800 | AC63: Yes | AD63: 45543 | AE63: 7
D64: 62 | E64: A025 | F64: Chaitnya Bhave | G64: A04 | H64: =CONCATENATE(E64,"_",F64,"_",G64) -> A025_Chaitnya Bhave_A04 | I64: Completed | J64: Runner-2 | K64: 400 | L64: 400 | M64: 45575 | N64: 45571 | O64: 45571 | P64: Sun 4-6 | Q64: 45823 | R64: =(IF(Q64="",(TODAY()-O64),(Q64-O64)))/30 -> 8.4 | S64: 68 | T64: 45823 | U64: 45823 | V64: 0.9 | W64: N | Z64: Monthly | AA64: 3600 | AB64: =4800+2400 -> 7200 | AC64: Yes | AD64: 45781 | AE64: 4 | AF64: Gpay
A65: Pending -15Aug to Sep25+15-Sep to 15Oct25-1200+600+800-total 1400 | B65: NO | D65: 63 | E65: A026 | F65: Chaitnya Bhave | G65: A05 | H65: =CONCATENATE(E65,"_",F65,"_",G65) -> A026_Chaitnya Bhave_A05 | I65: WIP | J65: Runner-3 | K65: 400 | L65: 400 | M65: 45823 | N65: 45823 | O65: 45823 | P65: Sun 4-6 | Z65: Monthly | AA65: 3600 | AB65: 6400 | AC65: Yes | AD65: 45939 | AE65: 5 | AF65: gpay
D66: 64 | E66: A026 | F66: Aayushman Kale | G66: A03 | H66: =CONCATENATE(E66,"_",F66,"_",G66) -> A026_Aayushman Kale_A03 | I66: Completed | J66: Runner-1 | K66: 1600 | L66: 1600 | M66: 45377 | N66: 45383 | O66: 45383 | P66: Daily-4-5 | Q66: 45427 | R66: =(IF(Q66="",(TODAY()-O66),(Q66-O66)))/30 -> 1.4666667 | S66: =ROUNDUP(R66*8,0) -> 12 | V66: 1 | Z66: Level Wise | AA66: 3600 | AB66: 3600 | AC66: Yes | AD66: 45416
D67: 65 | E67: A026 | F67: Aayushman Kale | G67: A04 | H67: =CONCATENATE(E67,"_",F67,"_",G67) -> A026_Aayushman Kale_A04 | I67: Completed | J67: Runner-2 | K67: 400 | L67: 400 | M67: 45428 | N67: 45428 | O67: 45430 | P67: M-W-4-5 | Q67: 45474 | R67: =(IF(Q67="",(TODAY()-O67),(Q67-O67)))/30 -> 1.4666667 | S67: =ROUNDUP(R67*8,0) -> 12 | T67: 45474 | U67: 45474 | V67: 0.96 | Z67: Level Wise | AA67: 3600 | AB67: 3600 | AC67: Yes | AD67: 45478
D68: 66 | E68: A026 | F68: Aayushman Kale | G68: A05 | H68: =CONCATENATE(E68,"_",F68,"_",G68) -> A026_Aayushman Kale_A05 | I68: Completed | J68: Runner-3 | K68: 400 | L68: 400 | M68: 45474 | N68: 45474 | O68: 45474 | P68: M-W-4-5 | Q68: 45553 | R68: =(IF(Q68="",(TODAY()-O68),(Q68-O68)))/30 -> 2.6333333 | S68: =ROUNDUP(R68*8,0) -> 22 | T68: 45553 | U68: 45553 | V68: 0.96 | Z68: Level Wise | AA68: 3600 | AB68: 3100 | AC68: Yes | AD68: 45556 | AE68: 3
D69: 67 | E69: A026 | F69: Aayushman Kale | G69: A06 | H69: =CONCATENATE(E69,"_",F69,"_",G69) -> A026_Aayushman Kale_A06 | I69: Completed | J69: Runner 4 | K69: 400 | L69: 400 | M69: 45556 | N69: 45558 | O69: 45558 | P69: M-W-4-5 | Q69: 45705 | R69: =(IF(Q69="",(TODAY()-O69),(Q69-O69)))/30 -> 4.9 | S69: =ROUNDUP(R69*8,0) -> 40 | T69: 45705 | U69: 45705 | V69: 0.99 | Z69: Level Wise | AA69: 3600 | AB69: 3600 | AC69: yes | AD69: 45674 | AE69: 3
A70: Level Fee & Extension-5200 | B70: NO | D70: 68 | E70: A026 | F70: Aayushman Kale | G70: A07 | H70: =CONCATENATE(E70,"_",F70,"_",G70) -> A026_Aayushman Kale_A07 | I70: WIP | J70: Runner-5 | K70: 400 | L70: 400 | M70: 45712 | N70: 45712 | O70: 45712 | P70: M-W-4-5 | Z70: Level Wise | AA70: 3600
D71: 69 | E71: A027 | F71: Riyansh Pawar | G71: A03 | H71: =CONCATENATE(E71,"_",F71,"_",G71) -> A027_Riyansh Pawar_A03 | I71: Completed | J71: Runner-1 | K71: 1600 | L71: 1600 | M71: 45386 | N71: 45386 | O71: 45384 | P71: O-Daily-2-3 | Q71: 45425 | R71: =(IF(Q71="",(TODAY()-O71),(Q71-O71)))/30 -> 1.3666667 | S71: =ROUNDUP(R71*8,0) -> 11 | T71: 45425 | U71: 45425 | V71: 0.97 | Z71: Per Session | AA71: 3600 | AB71: 3600 | AC71: Yes | AD71: 45423
D72: 70 | E72: A027 | F72: Riyansh Pawar | G72: A04 | H72: =CONCATENATE(E72,"_",F72,"_",G72) -> A027_Riyansh Pawar_A04 | I72: Completed | J72: Runner-2 | K72: 400 | L72: 400 | M72: 45416 | N72: 45425 | O72: 45425 | P72: O-T-T-4-5 | Q72: 45458 | R72: =(IF(Q72="",(TODAY()-O72),(Q72-O72)))/30 -> 1.1 | S72: =ROUNDUP(R72*8,0) -> 9 | T72: 45458 | U72: 45458 | V72: 0.92 | Z72: Per Session | AA72: 3600 | AB72: 3600 | AC72: Yes | AD72: 45457
D73: 71 | E73: A027 | F73: Riyansh Pawar | G73: A05 | H73: =CONCATENATE(E73,"_",F73,"_",G73) -> A027_Riyansh Pawar_A05 | I73: Completed | J73: Runner-3 | K73: 400 | L73: 400 | M73: 45457 | N73: 45460 | O73: 45461 | P73: O-T-T-4-5 | Q73: 45524 | R73: =(IF(Q73="",(TODAY()-O73),(Q73-O73)))/30 -> 2.1 | S73: =ROUNDUP(R73*8,0) -> 17 | T73: 45524 | U73: 45524 | V73: 0.99 | Z73: Level Wise | AA73: 3600 | AB73: 3600 | AC73: Yes | AD73: 45525
D74: 72 | E74: A027 | F74: Riyansh Pawar | G74: A06 | H74: =CONCATENATE(E74,"_",F74,"_",G74) -> A027_Riyansh Pawar_A06 | I74: Completed | J74: Runner-4 | K74: 400 | L74: 400 | M74: 45525 | N74: 45524 | O74: 45526 | P74: O-T-T-4-5 | Q74: 45575 | R74: =(IF(Q74="",(TODAY()-O74),(Q74-O74)))/30 -> 1.6333333 | S74: =ROUNDUP(R74*8,0) -> 14 | T74: 45575 | U74: 45575 | V74: 0.9933 | Z74: Level Wise | AA74: 3600 | AB74: 3600 | AC74: Yes | AD74: 45576
D75: 73 | E75: A027 | F75: Riyansh Pawar | G75: A07 | H75: =CONCATENATE(E75,"_",F75,"_",G75) -> A027_Riyansh Pawar_A07 | I75: Completed | J75: Runner 5 | K75: 400 | L75: 400 | M75: 45576 | N75: 45575 | O75: 45575 | P75: O-T-T-4-5 | Q75: 45667 | R75: =(IF(Q75="",(TODAY()-O75),(Q75-O75)))/30 -> 3.0666667 | S75: =ROUNDUP(R75*8,0) -> 25 | T75: 45667 | U75: 45667 | V75: 0.9375 | Z75: Level Wise | AA75: 3600 | AB75: 3600 | AC75: Yes | AD75: 45668 | AF75: GPay
D76: 74 | E76: A027 | F76: Riyansh Pawar | G76: A08 | H76: =CONCATENATE(E76,"_",F76,"_",G76) -> A027_Riyansh Pawar_A08 | I76: Completed | J76: Advance level -1 | K76: 400 | L76: 400 | M76: 45668 | N76: 45671 | O76: 45671 | P76: O-T-T-4-5 | Q76: 45815 | T76: 45815 | U76: 45815 | V76: 0.87 | Z76: Level Wise | AA76: 3600 | AB76: 3600 | AC76: Yes | AD76: 45816 | AF76: Gpay
A77: Level Fee & Extension-5200 | B77: NO | D77: 75 | E77: A027 | F77: Riyansh Pawar | G77: A09 | H77: =CONCATENATE(E77,"_",F77,"_",G77) -> A027_Riyansh Pawar_A09 | I77: WIP | J77: Advance level -2 | K77: 400 | L77: 400 | M77: 45816 | N77: 45816 | O77: 45816 | P77: O-T-T-4-5 | Z77: Level Wise | AA77: 3600
D78: 76 | E78: A028 | F78: Jyotiraditya Jagtap | G78: A03 | H78: =CONCATENATE(E78,"_",F78,"_",G78) -> A028_Jyotiraditya Jagtap_A03 | I78: Completed | J78: Runner-1 | K78: 1600 | L78: 1600 | M78: 45386 | N78: 45386 | O78: 45385 | P78: Daily-4-5 | Q78: 45427 | R78: =(IF(Q78="",(TODAY()-O78),(Q78-O78)))/30 -> 1.4 | S78: =ROUNDUP(R78*8,0) -> 12 | V78: 1 | Z78: Level Wise | AA78: 3600 | AB78: 3600 | AC78: NO | AD78: 45430
D79: 77 | E79: A028 | F79: Jyotiraditya Jagtap | G79: A04 | H79: =CONCATENATE(E79,"_",F79,"_",G79) -> A028_Jyotiraditya Jagtap_A04 | I79: Completed | J79: Runner-2 | K79: 400 | L79: 400 | M79: 45430 | N79: 45430 | O79: 45430 | P79: M-W-4-5 | Q79: 45474 | R79: =(IF(Q79="",(TODAY()-O79),(Q79-O79)))/30 -> 1.4666667 | S79: =ROUNDUP(R79*8,0) -> 12 | T79: 45474 | U79: 45474 | V79: 1 | Z79: Level Wise | AA79: 3600 | AB79: 3600 | AC79: Yes | AD79: 45481
D80: 78 | E80: A028 | F80: Jyotiraditya Jagtap | G80: A05 | H80: =CONCATENATE(E80,"_",F80,"_",G80) -> A028_Jyotiraditya Jagtap_A05 | I80: Completed | J80: Runner-3 | K80: 400 | L80: 400 | M80: 45474 | N80: 45474 | O80: 45474 | P80: M-W-4-5 | Q80: 45539 | R80: =(IF(Q80="",(TODAY()-O80),(Q80-O80)))/30 -> 2.1666667 | S80: =ROUNDUP(R80*8,0) -> 18 | T80: 45539 | U80: 45539 | V80: 0.98 | Z80: Level Wise | AA80: 3600 | AB80: 3600 | AC80: Yes | AD80: 45544
D81: 79 | E81: A028 | F81: Jyotiraditya Jagtap | G81: A06 | I81: Completed | J81: Runner -4 | K81: 400 | L81: 400 | M81: 45539 | N81: 45539 | O81: 45544 | P81: M-W-4-5 | Q81: 45705 | R81: =(IF(Q81="",(TODAY()-O81),(Q81-O81)))/30 -> 5.3666667 | S81: =ROUNDUP(R81*8,0) -> 43 | T81: 45705 | U81: 45705 | V81: 1 | W81: Yes | X81: 4 | Z81: 150/Session | AA81: 3600 | AB81: 4600 | AC81: yes | AD81: 45719 | AE81: 4 | AF81: Cash
A82: level fee & extension- 5200 | B82: NO | D82: 80 | E82: A028 | F82: Jyotiraditya Jagtap | G82: A07 | I82: WIP | J82: Runner 5 | K82: 400 | L82: 400 | M82: 45719 | N82: 45712 | O82: 45712 | P82: M-W-4-5 | R82: =(IF(Q82="",(TODAY()-O82),(Q82-O82)))/30 -> 9.1333333 | Z82: Level Wise | AA82: 3600 | AC82: No
D83: 81 | E83: A029 | F83: Vikramaditya Jagtap | G83: A03 | H83: =CONCATENATE(E83,"_",F83,"_",G83) -> A029_Vikramaditya Jagtap_A03 | I83: Completed | J83: Runner-1 | K83: 1600 | L83: 1600 | M83: 45386 | N83: 45386 | O83: 45385 | P83: Daily-4-5 | Q83: 45427 | R83: =(IF(Q83="",(TODAY()-O83),(Q83-O83)))/30 -> 1.4 | S83: =ROUNDUP(R83*8,0) -> 12 | V83: 0.98 | Z83: Level Wise | AA83: 3600 | AB83: 3600 | AC83: Yes | AD83: 45430
D84: 82 | E84: A029 | F84: Vikramaditya Jagtap | G84: A04 | H84: =CONCATENATE(E84,"_",F84,"_",G84) -> A029_Vikramaditya Jagtap_A04 | I84: Completed | J84: Runner-2 | K84: 400 | L84: 400 | M84: 45430 | N84: 45430 | O84: 45430 | P84: M-W-4-5 | Q84: 45490 | R84: =(IF(Q84="",(TODAY()-O84),(Q84-O84)))/30 -> 2 | S84: =ROUNDUP(R84*8,0) -> 16 | T84: 45490 | U84: 45490 | V84: 0.98 | Z84: Level Wise | AA84: 3600 | AB84: 3600 | AC84: Yes | AD84: 45492
D85: 83 | E85: A029 | F85: Vikramaditya Jagtap | G85: A05 | H85: =CONCATENATE(E85,"_",F85,"_",G85) -> A029_Vikramaditya Jagtap_A05 | I85: Completed | J85: Runner-3 | K85: 400 | L85: 400 | M85: 45490 | N85: 45490 | O85: 45490 | P85: M-W-4-5 | Q85: 45705 | R85: =(IF(Q85="",(TODAY()-O85),(Q85-O85)))/30 -> 7.1666667 | S85: =ROUNDUP(R85*8,0) -> 58 | T85: 45705 | U85: 45705 | V85: 0.89 | W85: No | Z85: Level Wise | AA85: 3600 | AB85: 3600 | AC85: Yes | AD85: 45719 | AE85: 6 | AF85: Cash
A86: level fee & extension- 5200 | B86: NO | D86: 84 | E86: A029 | F86: Vikramaditya Jagtap | G86: A06 | I86: WIP | J86: Runner 4 | K86: 400 | L86: 400 | M86: 45712 | N86: 45712 | O86: 45712 | P86: M-W-4-5 | Z86: Level Wise
D87: 85 | E87: A030 | F87: Swastika Yadhav | G87: A03 | H87: =CONCATENATE(E87,"_",F87,"_",G87) -> A030_Swastika Yadhav_A03 | I87: Completed | J87: Runner-1 | K87: 1600 | L87: 1600 | M87: 45386 | N87: 45386 | O87: 45385 | P87: Daily-4-5 | Q87: 45427 | R87: =(IF(Q87="",(TODAY()-O87),(Q87-O87)))/30 -> 1.4 | S87: =ROUNDUP(R87*8,0) -> 12 | V87: 0.94 | Z87: Level Wise | AA87: 3600 | AB87: 3600 | AC87: Yes | AD87: 45430
D88: 86 | E88: A030 | F88: Swastika Yadhav | G88: A04 | H88: =CONCATENATE(E88,"_",F88,"_",G88) -> A030_Swastika Yadhav_A04 | I88: Completed | J88: Runner-2 | K88: 400 | L88: 400 | M88: 45430 | N88: 45430 | O88: 45430 | P88: M-W-4-5 | Q88: 45474 | R88: =(IF(Q88="",(TODAY()-O88),(Q88-O88)))/30 -> 1.4666667 | S88: =ROUNDUP(R88*8,0) -> 12 | T88: 45474 | U88: 45474 | V88: 0.98 | Z88: Level Wise | AA88: 3600 | AB88: 3600 | AC88: Yes | AD88: 45476
D89: 87 | E89: A030 | F89: Swastika Yadhav | G89: A05 | H89: =CONCATENATE(E89,"_",F89,"_",G89) -> A030_Swastika Yadhav_A05 | I89: Completed | J89: Runner-3 | K89: 400 | L89: 400 | M89: 45476 | N89: 45474 | O89: 45474 | P89: M-W-4-5 | Q89: 45544 | R89: =(IF(Q89="",(TODAY()-O89),(Q89-O89)))/30 -> 2.3333333 | S89: =ROUNDUP(R89*8,0) -> 19 | T89: 45544 | U89: 45544 | V89: 0.96 | Z89: Level Wise | AA89: 3600 | AB89: 3600 | AC89: Yes | AD89: 45562
D90: 88 | E90: A030 | F90: Swastika Yadhav | G90: A06 | H90: =CONCATENATE(E90,"_",F90,"_",G90) -> A030_Swastika Yadhav_A06 | I90: Completed | J90: Runner -4 | K90: 400 | L90: 400 | M90: 45562 | N90: 45551 | O90: 45551 | P90: Sun 4-6 | Q90: 45710 | R90: =(IF(Q90="",(TODAY()-O90),(Q90-O90)))/30 -> 5.3 | S90: =ROUNDUP(R90*8,0) -> 43 | T90: 45710 | U90: 45710 | V90: 1 | W90: Yes | X90: 0.04 | Z90: Level Wise | AA90: 3600 | AB90: 3600 | AC90: Yes | AD90: 45712 | AF90: Gpay
D91: 89 | E91: A030 | F91: Swastika Yadhav | G91: A07 | H91: =CONCATENATE(E91,"_",F91,"_",G91) -> A030_Swastika Yadhav_A07 | I91: WIP_InActive | J91: Runner -5 | K91: 400 | M91: 45759 | N91: 45760 | O91: 45756 | P91: M-W-4-5 | Z91: Level Wise | AA91: 3600
D92: 90 | E92: A031 | F92: Aara Y | G92: A08 | H92: =CONCATENATE(E92,"_",F92,"_",G92) -> A031_Aara Y_A08 | I92: Completed | J92: Sprinter Level-1 | K92: 1600 | L92: 1600 | M92: 45398 | N92: 45401 | O92: 45401 | P92: O-T-T-4-5 | Q92: 45479 | R92: =(IF(Q92="",(TODAY()-O92),(Q92-O92)))/30 -> 2.6 | S92: =ROUNDUP(R92*8,0) -> 21 | T92: 45479 | U92: 45479 | V92: 1 | Z92: Level Wise | AA92: 3600 | AB92: 3600 | AC92: Yes | AD92: 45483
D93: 91 | E93: A032 | F93: Nurvi Parad | G93: A01 | H93: =CONCATENATE(E93,"_",F93,"_",G93) -> A032_Nurvi Parad_A01 | I93: Completed | J93: Jr.KG | K93: 1600 | L93: 1600 | M93: 45405 | N93: 45406 | O93: 45406 | P93: T-T-6-7 | Q93: 45834 | R93: =(IF(Q93="",(TODAY()-O93),(Q93-O93)))/30 -> 14.266667 | S93: =ROUNDUP(R93*8,0) -> 115 | U93: 45834 | V93: 1 | W93: Yes | Z93: Level Wise | AA93: 3600 | AB93: =1800+1800 -> 3600 | AC93: NO | AD93: 5/17/2024,7TH JUL 25 | AF93: Gpay
D94: 92 | E94: A032 | F94: Nurvi Parad | G94: A02 | H94: =CONCATENATE(E94,"_",F94,"_",G94) -> A032_Nurvi Parad_A02 | I94: WIP_InActive | J94: Sr.KG | K94: 400 | L94: 400 | AF94: Gpay
D95: 93 | E95: A033 | F95: Shubhra Rokade | G95: A08 | H95: =CONCATENATE(E95,"_",F95,"_",G95) -> A033_Shubhra Rokade_A08 | I95: Completed | J95: Sprinter Level-1 | K95: 1600 | L95: 1600 | M95: 45411 | N95: 45413 | O95: 45413 | P95: Daily-4-5 | Q95: 45449 | R95: =(IF(Q95="",(TODAY()-O95),(Q95-O95)))/30 -> 1.2 | S95: =ROUNDUP(R95*8,0) -> 10 | V95: 0.98 | Z95: Level Wise | AA95: 3600 | AB95: 3600 | AC95: Yes | AD95: 45450
D96: 94 | E96: A033 | F96: Shubhra Rokade | G96: A09 | H96: =CONCATENATE(E96,"_",F96,"_",G96) -> A033_Shubhra Rokade_A09 | I96: Completed | J96: Sprinter Level-2 | K96: 400 | L96: 400 | M96: 45450 | N96: 45450 | O96: 45450 | P96: M-F-7-8 | Q96: 45478 | R96: =(IF(Q96="",(TODAY()-O96),(Q96-O96)))/30 -> 0.93333333 | S96: =ROUNDUP(R96*8,0) -> 8 | T96: 45478 | U96: 45478 | V96: 1 | Z96: Level Wise | AA96: 3600 | AB96: 3000 | AC96: Yes | AD96: 45482
D97: 95 | E97: A033 | F97: Shubhra Rokade | G97: A10 | H97: =CONCATENATE(E97,"_",F97,"_",G97) -> A033_Shubhra Rokade_A10 | I97: Completed | J97: Sprinter Level-3 | K97: 400 | L97: 400 | M97: 45481 | N97: 45481 | O97: 45481 | P97: M-F-7-8 | Q97: 45549 | R97: =(IF(Q97="",(TODAY()-O97),(Q97-O97)))/30 -> 2.2666667 | S97: =ROUNDUP(R97*8,0) -> 19 | T97: 45549 | U97: 45549 | V97: 0.9911 | Z97: Level Wise | AA97: 3600 | AB97: 3000 | AC97: yes | AD97: 45675 | AE97: Gpay
D98: 96 | E98: A033 | F98: Shubhra Rokade | G98: A11 | H98: =CONCATENATE(E98,"_",F98,"_",G98) -> A033_Shubhra Rokade_A11 | I98: Completed | J98: Sprinter Level-4 | K98: 400 | L98: 400 | M98: 45552 | N98: 45548 | O98: 45548 | P98: M-F-7-8 | Q98: 45670 | R98: =(IF(Q98="",(TODAY()-O98),(Q98-O98)))/30 -> 4.0666667 | S98: =ROUNDUP(R98*8,0) -> 33 | T98: 45670 | U98: 45670 | V98: 0.86 | Z98: Level Wise | AA98: 3600 | AB98: 3600 | AC98: Yes
D99: 97 | E99: A033 | F99: Shubhra Rokade | G99: A12 | H99: =CONCATENATE(E99,"_",F99,"_",G99) -> A033_Shubhra Rokade_A12 | I99: Completed | J99: Advance level -1 | K99: 400 | L99: 400 | M99: 45675 | N99: 45679 | O99: 45679 | P99: M-W-7-8 | Q99: 45847 | R99: =(IF(Q99="",(TODAY()-O99),(Q99-O99)))/30 -> 5.6 | S99: =ROUNDUP(R99*8,0) -> 45 | T99: 45847 | U99: 45847 | V99: 0.88 | Z99: Session wise | AA99: 3600 | AB99: 4200 | AC99: Yes | AD99: 45838 | AE99: 28-Sessions | AF99: Gpay
D100: 98 | E100: A034 | F100: Shreya Asarma | G100: A03 | H100: =CONCATENATE(E100,"_",F100,"_",G100) -> A034_Shreya Asarma_A03 | I100: Completed | J100: Runner-1 | K100: 1600 | L100: 1600 | M100: 45416 | N100: 45416 | O100: 45416 | P100: O-T-T-4-5 | Q100: 45465 | R100: =(IF(Q100="",(TODAY()-O100),(Q100-O100)))/30 -> 1.6333333 | S100: =ROUNDUP(R100*8,0) -> 14 | T100: 45465 | U100: 45465 | V100: 0.95 | Z100: 1st Free | AA100: 0 | AB100: 0 | AC100: NA
...

Sheet 28-Dec-COMPETITION STUDENTS
B2: # | C2: Student No | D2: Student Name | E2: Level # | F2: Current Level | G2: Level Joined On
B3: 1 | C3: A098 | D3: Agastya Dhanvijay Patil | E3: A01 | F3: Jr.KG
B4: 1 | C4: A099 | D4: Ashwath Dhanvijay Patil | E4: A01 | F4: Jr.KG
B5: 1 | C5: A114 | D5: Aarya Pawar Chaudhary | E5: A01 | F5: Jr.KG | G5: 45895
B6: 2 | C6: A044 | D6: Paridhi Agarwal | E6: A02 | F6: Jr.KG | G6: 45637
B7: 2 | C7: A093 | D7: Hrisha Reddy | E7: A02 | F7: Jr.KG | G7: 45818
B8: 2 | C8: A104 | D8: Maiesha Anand | E8: A02 | F8: Jr.KG | G8: 45840
B9: 2 | C9: A108 | D9: Raashi Rajnale | E9: A02 | F9: Jr.KG | G9: 45844
B10: 2 | C10: A117 | D10: Aarav Jagdish Patil | E10: A02 | F10: Sr.KG | G10: 45908
B11: 2 | C11: A118 | D11: Kriyansh Chhabria | E11: A02 | F11: Jr.KG | G11: 45928
B12: 2 | C12: A119 | D12: Maneet Manoj Muttepawar | E12: A02 | F12: Jr.KG | G12: 45941
B13: 3 | C13: A056 | D13: Hridhaan Bagla | E13: A03 | F13: SR.KG | G13: 45739
B14: 3 | C14: A066 | D14: Hitansh Agarwal | E14: A03 | F14: Sr.KG | G14: 45815
B15: 3 | C15: A067 | D15: Hitanshi Agarwal | E15: A03 | F15: Sr.KG | G15: 45815
B16: 3 | C16: A071 | D16: Manan Mulchandani | E16: A03 | F16: Jr.KG | G16: 45906
... B27: 4 | C27: A092 | D27: Pranvi Reddy | E27: A04 | F27: Sprinter Level-1 | G27: 45818
B28: 4 | C28: A120 | D28: DHRUVA SINGHAL | F28: Runner 2
B29: 5 | C29: A062 | D29: Kabeer Kherajani | E29: A05 | F29: Runner 3 | G29: 45859
B30: 5 | C30: A074 | D30: Vedika Shinde | E30: A05 | F30: Runner 3 | G30: 45868
B31: 5 | C31: A075 | D31: Yuvan Lalchandani | E31: A05 | F31: Runner 3
B32: 5 | C32: A089 | D32: Heer Sharma | E32: A09 | F32: Sprinter Level-2 | G32: 45895
B33: 6 | C33: A010 | D33: Atharva Titave | E33: A06 | F33: Runner-4 | G33: 45752
B34: 6 | C34: A024 | D34: Shreshth Gupta | E34: A05 | F34: Runner-4 | G34: 45945
B35: 6 | C35: A034 | D35: Shreya Asarma | E35: A06 | F35: Runner-4 | G35: 45811
B36: 6 | C36: A064 | D36: Samyak Bora | E36: A06 | F36: Runner-4 | G36: 45871
B37: 6 | C37: A088 | D37: Aarav Sandeep Dhanajkar | E37: A10 | F37: Sprinter Level-3
B38: 7 | C38: 0-bOSS | D38: Arnav Patil | E38: A13 | F38: Advance Level-2
B39: 7 | C39: A003 | D39: Prathmesh Zope | E39: A13 | F39: Advance Level-2 | G39: 45632

Sheet Sheet1
D3: Here’s your data organized in a clean spreadsheet-style format with columns for easy tracking:
D4: 🗂️ Student Fee Tracker | I4: =SUM(I6:I70) -> 99000
D5: Student Name | E5: Level Type | F5: Start Date | G5: Fee Paid / Received | H5: Pending Items / Notes | I5: Total Amount (₹)
D6: Prathmesh | E6: Advance | F6: 46015 | G6: — | H6: Level Extension Oct'25 | I6: 1600
D7: Riyansh Pawar | E7: Advance Level 2 | F7: 45816 | G7: ₹3600 + ₹1600 | H7: — | I7: 5200
D8: Shresth Deb | E8: Runner 5 | F8: 45833 | G8: Till Sep | H8: Oct advance awaited | I8: —
D9: Shreshth Gupta | E9: Runner 4 | F9: — | G9: — | H9: Awaiting confirmation; trophy request denied | I9: —
D10: Chaitnya Bhave | E10: Runner 3 | F10: 45884 | G10: — | H10: Aug–Sep ₹1200 + Sep–Oct ₹1400 | I10: 2600
D11: Aayushman Kale | E11: Runner 5 | F11: 45712 | G11: ₹3600 + ₹1600 | H11: — | I11: 5200
D12: Jyotiraditya Jagtap | E12: Runner 5 | F12: 45712 | G12: ₹3600 + ₹1600 | H12: — | I12: 5200
D13: Vikramaditya Jagtap | E13: Runner 4 | F13: 45712 | G13: ₹3600 + ₹1600 | H13: — | I13: 5200
D14: Shreya Asarma | E14: Runner 4 | F14: 45811 | G14: — | H14: Level Extension Oct'25 | I14: 1600
D15: Spruha Patil | E15: Runner 2 | F15: 45579 | G15: — | H15: ₹1800 balance + Oct'25 extension; check progress | I15: 3400
D16: Aaradhya | E16: Sprinter 3 | F16: 45812 | G16: ₹3600 + ₹1600 | H16: — | I16: 5200
D17: Paridhi Agarwal | E17: — | F17: — | G17: Mar'25 pending | H17: Sep ₹1200 + Oct ₹1600 | I17: 2800
D18: Shridnyesh Aher | E18: Runner 2 | F18: — | G18: Jul'25 pending | H18: Sep ₹1200 + Oct ₹1600 + books ₹400 | I18: 3200
D19: Arnish Jamtani | E19: Runner 3 | F19: 45812 | G19: — | H19: Level Extension Oct'25 awaited | I19: 1600
D20: Vedant Kumar | E20: Sprinter 2 | F20: 45941 | G20: — | H20: Sep ₹1200 + Oct ₹1600 + books ₹400 | I20: 3200
D21: Mahir Gandhi | E21: Runner 3 | F21: 45691 | G21: 3 months paid till July | H21: Sep ₹1200 + Oct ₹1600 + books ₹400 | I21: 3200
D22: Vivaan Garg | E22: — | F22: — | G22: — | H22: Neha to update | I22: —
D23: Yugansh Pawar | E23: Runner 1 | F23: 45693 | G23: — | H23: ₹3600 + ₹1600 pending | I23: 5200
D24: Hridhaan Bagla | E24: Runner 1 | F24: 45739 | G24: Till 21-Jul | H24: Aug–Sep ₹2400 + Oct ₹1600 | I24: 4000
D25: Advik Kahdelval | E25: — | F25: — | G25: — | H25: Aug ₹1200 + Oct ₹1600 pending; check with Neha | I25: 2800
D26: Kaira Sharma | E26: Runner 1 | F26: 45627 | G26: Till Apr | H26: May–Oct pending; Neha to confirm | I26: —
D27: Kabir Kherajani | E27: Runner 3 | F27: 45859 | G27: — | H27: Jul–Sep ₹3600 + Oct ₹1600 | I27: 5200
D28: Samyak | E28: Runner 4 | F28: 45871 | G28: — | H28: ₹3600 + books ₹400 | I28: 4000
D29: Hitanshi | E29: — | F29: 45780 | G29: — | H29: Books + monthly fee pending; Neha to update | I29: —
D30: Shourya | E30: — | F30: — | G30: — | H30: Neha to update | I30: —
D31: Manan Mulchandani | E31: Sr KG | F31: 45823 | G31: — | H31: ₹2000 balance + Oct'25 extension | I31: 3600
D32: Hazel Lalvani | E32: Runner 2 | F32: 45589 | G32: — | H32: Aug–Sep ₹1200 + Oct ₹1600 | I32: 2800
D33: Vedika | E33: Runner 3 | F33: 45868 | G33: — | H33: Level fee pending | I33: 3600
D34: Yuvan Lalchandani | E34: Runner 2 & 3 | F34: — | G34: — | H34: ₹3600 + ₹3600 + books ₹400 | I34: 7600
D35: Bhavya | E35: Runner 2 | F35: 45907 | G35: — | H35: ₹3600 + books ₹400 | I35: 4000
D36: Mayank Agarwal | E36: Sprinter 1 | F36: — | G36: — | H36: Level Extension Oct'25 | I36: 1600
D37: Aarav Gadsingh | E37: Runner 1 | F37: 45750 | G37: — | H37: Half level fee pending | I37: 1800
D38: Hiya Agarwal | E38: Runner 2 | F38: — | G38: — | H38: Level fee pending | I38: 3600
D39: Let me know if you'd like this exported into a table you can copy into Excel or Google Sheets!

Sheet Level Details
C2: # | D2: Level Name | E2: ## | G2: Jr.KG | H2: Sr.KG | I2: Runner-1 | J2: Runner-2 | K2: Runner-3 | L2: Runner-4 | M2: Sprinter Level-1 | N2: Sprinter Level-2 | O2: Sprinter Level-3 | P2: Sprinter Level-4 | Q2: Advance Level-1 | R2: Vedic Level-1 | S2: Vedic Level-2 | T2: Grand Total
C3: A01 | D3: Jr.KG | E3: A01 | G3: 5 | H3: 7 | I3: 24 | J3: 13 | K3: 6 | L3: 2 | M3: 8 | N3: 3 | O3: 2 | P3: 1 | Q3: 1 | R3: 2 | S3: 1 | T3: 75
C4: A02 | D4: Sr.KG | E4: A02
C5: A03 | D5: Runner-1 | E5: A03
C6: A04 | D6: Runner-2 | E6: A04
C7: A05 | D7: Runner-3 | E7: A05
C8: A06 | D8: Runner-4 | E8: A06
C9: A07 | D9: Runner-5 | E9: A07
C10: A08 | D10: Sprinter Level-1 | E10: A08
C11: A09 | D11: Sprinter Level-2 | E11: A09
C12: A10 | D12: Sprinter Level-3 | E12: A10
C13: A11 | D13: Sprinter Level-4 | E13: A11
C14: A12 | D14: Advance Level-1 | E14: A12
C15: A13 | D15: Advance Level-2 | E15: A13
... C20: V03 | D20: Vedic Level-3 | E20: V03

Sheet S0
B2: Sr.No | C2: Student Name | D2: Academy Joined ON | E2: Fees Paid TILL Date | F2: Admission Form Filled? | G2: # Level Completed | H2: Current Status | I2: Sr.No
B3: A001 | C3: Aaditya Patil | D3: 44841 | E3: 0 | F3: Yes | G3: 2 | H3: Inactive | I3: A001
B4: A002 | C4: Tanush Thosare | D4: 44841 | E4: 6100 | F4: Yes | G4: 2 | H4: Inactive | I4: A002
B5: A003 | C5: Prathmesh Zope | D5: 44870 | E5: 14400 | F5: Yes | G5: 4 | H5: Active | I5: A003
B6: A004 | C6: Asmi Kshirsagar | D6: 44870 | E6: 10800 | F6: Yes | G6: 3 | H6: Inactive | I6: A004
B7: A005 | C7: Yatharth Kaushik | D7: 44889 | E7: 7200 | F7: Yes | G7: 2 | H7: Inactive | I7: A005
B8: A006 | C8: Kushal Patil | D8: 44892 | E8: 10800 | F8: Yes | G8: 3 | H8: Inactive | I8: A006
B9: A007 | C9: Selene Kaur | D9: 44960 | E9: 10800 | F9: Yes | G9: 2 | H9: Active | I9: A007
B10: A008 | C10: Dighvi Nikumbh | D10: 44960 | E10: 9600 | F10: Yes | G10: 2 | H10: Active | I10: A008
B11: A009 | C11: Saiansh Kumar | D11: 45002 | E11: 7200 | F11: Yes | G11: 2 | H11: Inactive | I11: A009
B12: A010 | C12: Atharva Titave | D12: 45018 | E12: 10800 | F12: Yes | G12: 2 | H12: Active | I12: A010
B13: A011 | C13: Shresth Deb | D13: 45020 | E13: 17400 | F13: Yes | G13: 3 | H13: Active | I13: A011
B14: A012 | C14: Swara Patil | D14: 45026 | E14: 7200 | F14: Yes | G14: 1 | H14: Active | I14: A012
... B41: A039 | C41: Prisha Shah | D41: 45456 | E41: 1000 | F41: Yes | G41: 0 | H41: Active | I41: A039

Sheet S1
A3: Count of Level Progress | B3: Column Labels
A4: Student | B4: Jr.KG | C4: Sr.KG | D4: Runner-1 | E4: Runner-2 | F4: Runner-3 | G4: Runner-4 | H4: Sprinter Level-1 | I4: Sprinter Level-2 | J4: Sprinter Level-3 | K4: Sprinter Level-4 | L4: Advance Level-1 | M4: Vedic Level-1 | N4: Vedic Level-2 | O4: Grand Total | P4: Status
A5: Prathmesh Zope | H5: 1 | I5: 1 | J5: 1 | K5: 1 | L5: 1 | O5: 5 | P5: =VLOOKUP(A5,S0!C:H,6,0) -> Active
A6: Aarohi Fegde | D6: 1 | E6: 1 | F6: 1 | G6: 1 | O6: 4 | P6: =VLOOKUP(A6,S0!C:H,6,0) -> Active
A7: Shresth Deb | D7: 1 | E7: 1 | F7: 1 | G7: 1 | O7: 4 | P7: =VLOOKUP(A7,S0!C:H,6,0) -> Active
A8: Ishan Prasad | D8: 1 | E8: 1 | F8: 1 | O8: 3 | P8: =VLOOKUP(A8,S0!C:H,6,0) -> Active
A9: Asmi Kshirsagar | H9: 1 | I9: 1 | J9: 1 | O9: 3 | P9: =VLOOKUP(A9,S0!C:H,6,0) -> Inactive
A10: Riyansh Pawar | D10: 1 | E10: 1 | F10: 1 | O10: 3 | P10: =VLOOKUP(A10,S0!C:H,6,0) -> Active
A11: Selene Kaur | D11: 1 | E11: 1 | F11: 1 | O11: 3 | P11: =VLOOKUP(A11,S0!C:H,6,0) -> Active
A12: Dighvi Nikumbh | B12: 1 | C12: 1 | D12: 1 | O12: 3 | P12: =VLOOKUP(A12,S0!C:H,6,0) -> Active
A13: Atharva Titave | C13: 1 | D13: 1 | E13: 1 | O13: 3 | P13: =VLOOKUP(A13,S0!C:H,6,0) -> Active
A14: Kushal Patil | D14: 1 | E14: 1 | F14: 1 | O14: 3 | P14: =VLOOKUP(A14,S0!C:H,6,0) -> Inactive
A15: Shubhra Rokade | H15: 1 | I15: 1 | O15: 2 | P15: =VLOOKUP(A15,S0!C:H,6,0) -> Active
A16: Vikramaditya Jagtap | D16: 1 | E16: 1 | O16: 2 | P16: =VLOOKUP(A16,S0!C:H,6,0) -> Active
A17: Swastika Yadhav | D17: 1 | E17: 1 | O17: 2 | P17: =VLOOKUP(A17,S0!C:H,6,0) -> Active
A18: Yatharth Kaushik | M18: 1 | N18: 1 | O18: 2 | P18: =VLOOKUP(A18,S0!C:H,6,0) -> Inactive
A19: Jyotiraditya Jagtap | D19: 1 | E19: 1 | O19: 2 | P19: =VLOOKUP(A19,S0!C:H,6,0) -> Active
A20: Aayushman Kale | D20: 1 | E20: 1 | O20: 2 | P20: =VLOOKUP(A20,S0!C:H,6,0) -> Active
A21: Swara Patil | C21: 1 | D21: 1 | O21: 2 | P21: =VLOOKUP(A21,S0!C:H,6,0) -> Active
A22: Saiansh Kumar | D22: 1 | E22: 1 | O22: 2 | P22: =VLOOKUP(A22,S0!C:H,6,0) -> Inactive
A23: Tanush Thosare | B23: 1 | D23: 1 | O23: 2 | P23: =VLOOKUP(A23,S0!C:H,6,0) -> Inactive
A24: Abhay Patil | D24: 1 | E24: 1 | O24: 2 | P24: =VLOOKUP(A24,S0!C:H,6,0) -> Active
A25: Shreshth Gupta | C25: 1 | D25: 1 | O25: 2 | P25: =VLOOKUP(A25,S0!C:H,6,0) -> Active
A26: Aaditya Patil | B26: 1 | D26: 1 | O26: 2 | P26: =VLOOKUP(A26,S0!C:H,6,0) -> Inactive
A27: Yashwi Patil | C27: 1 | O27: 1 | P27: =VLOOKUP(A27,S0!C:H,6,0) -> Active
A28: Ira Deshmukh | H28: 1 | O28: 1 | P28: =VLOOKUP(A28,S0!C:H,6,0) -> Active
A29: Spruha Patil | D29: 1 | O29: 1 | P29: =VLOOKUP(A29,S0!C:H,6,0) -> Active
A30: Riyanshi Varma | H30: 1 | O30: 1 | P30: =VLOOKUP(A30,S0!C:H,6,0) -> Inactive
A31: Prisha Shah | C31: 1 | O31: 1 | P31: =VLOOKUP(A31,S0!C:H,6,0) -> Active
A32: Dhruv Bawankar | D32: 1 | O32: 1 | P32: =VLOOKUP(A32,S0!C:H,6,0) -> Active
A33: Nurvi Parad | B33: 1 | O33: 1 | P33: =VLOOKUP(A33,S0!C:H,6,0) -> Active
A34: Kaivalya Patil | D34: 1 | O34: 1 | P34: =VLOOKUP(A34,S0!C:H,6,0) -> Inactive
A35: Swara Kondhare | H35: 1 | O35: 1 | P35: =VLOOKUP(A35,S0!C:H,6,0) -> Active
A36: Shlesh Nemade | M36: 1 | O36: 1 | P36: =VLOOKUP(A36,S0!C:H,6,0) -> Inactive
A37: Aara Y | H37: 1 | O37: 1 | P37: =VLOOKUP(A37,S0!C:H,6,0) -> Active
A38: Aaradhya | H38: 1 | O38: 1 | P38: =VLOOKUP(A38,S0!C:H,6,0) -> Active
A39: Riyansh Dalvi | B39: 1 | O39: 1 | P39: =VLOOKUP(A39,S0!C:H,6,0) -> Inactive
A40: Nihir Galani | D40: 1 | O40: 1 | P40: =VLOOKUP(A40,S0!C:H,6,0) -> Inactive
A41: Chaitnya Bhave | D41: 1 | O41: 1 | P41: =VLOOKUP(A41,S0!C:H,6,0) -> Active
A42: Shreya Asarma | D42: 1 | O42: 1 | P42: =VLOOKUP(A42,S0!C:H,6,0) -> Active
A43: Prisha Chormule | C43: 1 | O43: 1 | P43: =VLOOKUP(A43,S0!C:H,6,0) -> Inactive
A44: Grand Total | B44: 5 | C44: 7 | D44: 24 | E44: 13 | F44: 6 | G44: 2 | H44: 8 | I44: 3 | J44: 2 | K44: 1 | L44: 1 | M44: 2 | N44: 1 | O44: 75

Sheet WIP-D
F2: =TODAY() -> 45986
A3: Level Progress | B3: WIP | C3: =C40 -> 0
K4: =SUM(K6:K800) -> 36900
A5: Student Name | B5: Count of Student Name | C5: Sum of Received Fee | D5: Level Start Date | E5: Batch | F5: Fee Model | G5: Months by formula | H5: Actual Months running | I5: Focus Priority | J5: Remark | K5: Expected Payment for Month
A6: Aaradhya | B6: 1 | D6: =VLOOKUP(A6,'Student Master'!H:AB,8,0) -> #N/A | E6: =VLOOKUP(A6,'Student Master'!H:AB,9,0) -> #N/A | F6: =VLOOKUP(A6,'Student Master'!H:AB,17,0) -> #N/A | G6: =$F$2-D6 -> #N/A | H6: 6 | K6: 0
A7: Aarav Gadsingh | B7: 1 | D7: =VLOOKUP(A7,'Student Master'!H:AB,8,0) -> #N/A | E7: =VLOOKUP(A7,'Student Master'!H:AB,9,0) -> #N/A | F7: =VLOOKUP(A7,'Student Master'!H:AB,17,0) -> #N/A | G7: =$F$2-D7 -> #N/A | H7: 6 | K7: 0
A8: Aayushman Kale | B8: 1 | D8: =VLOOKUP(A8,'Student Master'!H:AB,8,0) -> #N/A | E8: =VLOOKUP(A8,'Student Master'!H:AB,9,0) -> #N/A | F8: =VLOOKUP(A8,'Student Master'!H:AB,17,0) -> #N/A | G8: =$F$2-D8 -> #N/A | H8: 6 | K8: 0
A9: Abhay Patil | B9: 1 | C9: 4000 | D9: =VLOOKUP(A9,'Student Master'!H:AB,8,0) -> #N/A | E9: =VLOOKUP(A9,'Student Master'!H:AB,9,0) -> #N/A | F9: =VLOOKUP(A9,'Student Master'!H:AB,17,0) -> #N/A | G9: =$F$2-D9 -> #N/A | H9: 6 | K9: 0
A10: Arnav Pol | B10: 1 | C10: 1200 | D10: =VLOOKUP(A10,'Student Master'!H:AB,8,0) -> #N/A | E10: =VLOOKUP(A10,'Student Master'!H:AB,9,0) -> #N/A | F10: =VLOOKUP(A10,'Student Master'!H:AB,17,0) -> #N/A | G10: =$F$2-D10 -> #N/A | H10: 6 | K10: 0
A11: Arnish Jhamtani | B11: 1 | C11: 3600 | D11: =VLOOKUP(A11,'Student Master'!H:AB,8,0) -> #N/A | E11: =VLOOKUP(A11,'Student Master'!H:AB,9,0) -> #N/A | F11: =VLOOKUP(A11,'Student Master'!H:AB,17,0) -> #N/A | G11: =$F$2-D11 -> #N/A | H11: 6 | K11: 0
A12: Atharva Titave | B12: 1 | D12: =VLOOKUP(A12,'Student Master'!H:AB,8,0) -> #N/A | E12: =VLOOKUP(A12,'Student Master'!H:AB,9,0) -> #N/A | F12: =VLOOKUP(A12,'Student Master'!H:AB,17,0) -> #N/A | G12: =$F$2-D12 -> #N/A | H12: 6 | K12: 0
A13: Bhavya | B13: 1 | D13: =VLOOKUP(A13,'Student Master'!H:AB,8,0) -> #N/A | E13: =VLOOKUP(A13,'Student Master'!H:AB,9,0) -> #N/A | F13: =VLOOKUP(A13,'Student Master'!H:AB,17,0) -> #N/A | G13: =$F$2-D13 -> #N/A | H13: 6 | K13: 0
A14: Chaitnya Bhave | B14: 1 | C14: 3600 | D14: =VLOOKUP(A14,'Student Master'!H:AB,8,0) -> #N/A | E14: =VLOOKUP(A14,'Student Master'!H:AB,9,0) -> #N/A | F14: =VLOOKUP(A14,'Student Master'!H:AB,17,0) -> #N/A | G14: =$F$2-D14 -> #N/A | H14: 6 | K14: 0
A15: Hazel Lalvani | B15: 1 | D15: =VLOOKUP(A15,'Student Master'!H:AB,8,0) -> #N/A | E15: =VLOOKUP(A15,'Student Master'!H:AB,9,0) -> #N/A | F15: =VLOOKUP(A15,'Student Master'!H:AB,17,0) -> #N/A | G15: =$F$2-D15 -> #N/A | H15: 6 | K15: 0
A16: Hitansh Agarwal | B16: 1 | D16: =VLOOKUP(A16,'Student Master'!H:AB,8,0) -> #N/A | E16: =VLOOKUP(A16,'Student Master'!H:AB,9,0) -> #N/A | F16: =VLOOKUP(A16,'Student Master'!H:AB,17,0) -> #N/A | G16: =$F$2-D16 -> #N/A | H16: 6 | K16: 0
A17: Hitanshi Agarwal | B17: 1 | D17: =VLOOKUP(A17,'Student Master'!H:AB,8,0) -> #N/A | E17: =VLOOKUP(A17,'Student Master'!H:AB,9,0) -> #N/A | F17: =VLOOKUP(A17,'Student Master'!H:AB,17,0) -> #N/A | G17: =$F$2-D17 -> #N/A | H17: 6 | K17: 0
A18: Hridhaan Bagla | B18: 1 | C18: 4800 | D18: =VLOOKUP(A18,'Student Master'!H:AB,8,0) -> #N/A | E18: =VLOOKUP(A18,'Student Master'!H:AB,9,0) -> #N/A | F18: =VLOOKUP(A18,'Student Master'!H:AB,17,0) -> #N/A | G18: =$F$2-D18 -> #N/A | H18: 6 | K18: 0
A19: Jyotiraditya Jagtap | B19: 1 | D19: =VLOOKUP(A19,'Student Master'!H:AB,8,0) -> #N/A | E19: =VLOOKUP(A19,'Student Master'!H:AB,9,0) -> #N/A | F19: =VLOOKUP(A19,'Student Master'!H:AB,17,0) -> #N/A | G19: =$F$2-D19 -> #N/A | H19: 6 | K19: 0
A20: Mahir Gandhi | B20: 1 | C20: 3600 | D20: =VLOOKUP(A20,'Student Master'!H:AB,8,0) -> #N/A | E20: =VLOOKUP(A20,'Student Master'!H:AB,9,0) -> #N/A | F20: =VLOOKUP(A20,'Student Master'!H:AB,17,0) -> #N/A | G20: =$F$2-D20 -> #N/A | H20: 6 | K20: 0
A21: Manan Mulchandani | B21: 1 | C21: 1600 | D21: =VLOOKUP(A21,'Student Master'!H:AB,8,0) -> #N/A | E21: =VLOOKUP(A21,'Student Master'!H:AB,9,0) -> #N/A | F21: =VLOOKUP(A21,'Student Master'!H:AB,17,0) -> #N/A | G21: =$F$2-D21 -> #N/A | H21: 6 | K21: 0
A22: Mayank Agarwal | B22: 1 | C22: 3600 | D22: =VLOOKUP(A22,'Student Master'!H:AB,8,0) -> #N/A | E22: =VLOOKUP(A22,'Student Master'!H:AB,9,0) -> #N/A | F22: =VLOOKUP(A22,'Student Master'!H:AB,17,0) -> #N/A | G22: =$F$2-D22 -> #N/A | H22: 6 | K22: 0
A23: Navya Thakkar | B23: 1 | C23: 4800 | D23: =VLOOKUP(A23,'Student Master'!H:AB,8,0) -> #N/A | E23: =VLOOKUP(A23,'Student Master'!H:AB,9,0) -> #N/A | F23: =VLOOKUP(A23,'Student Master'!H:AB,17,0) -> #N/A | G23: =$F$2-D23 -> #N/A | H23: 6 | K23: 0
A24: Paridhi Agarwal | B24: 1 | C24: 2400 | D24: =VLOOKUP(A24,'Student Master'!H:AB,8,0) -> #N/A | E24: =VLOOKUP(A24,'Student Master'!H:AB,9,0) -> #N/A | F24: =VLOOKUP(A24,'Student Master'!H:AB,17,0) -> #N/A | G24: =$F$2-D24 -> #N/A | H24: 6 | K24: 0
A25: Prathmesh Zope | B25: 1 | C25: 3600 | D25: =VLOOKUP(A25,'Student Master'!H:AB,8,0) -> #N/A | E25: =VLOOKUP(A25,'Student Master'!H:AB,9,0) -> #N/A | F25: =VLOOKUP(A25,'Student Master'!H:AB,17,0) -> #N/A | G25: =$F$2-D25 -> #N/A | H25: 6 | K25: 0
A26: Riyansh Pawar | B26: 1 | D26: =VLOOKUP(A26,'Student Master'!H:AB,8,0) -> #N/A | E26: =VLOOKUP(A26,'Student Master'!H:AB,9,0) -> #N/A | F26: =VLOOKUP(A26,'Student Master'!H:AB,17,0) -> #N/A | G26: =$F$2-D26 -> #N/A | K26: 1200
A27: Samyak Bora | B27: 1 | D27: =VLOOKUP(A27,'Student Master'!H:AB,8,0) -> #N/A | E27: =VLOOKUP(A27,'Student Master'!H:AB,9,0) -> #N/A | F27: =VLOOKUP(A27,'Student Master'!H:AB,17,0) -> #N/A | G27: =$F$2-D27 -> #N/A | K27: 1200
A28: Shaurya Sachin Atkare | B28: 1 | D28: =VLOOKUP(A28,'Student Master'!H:AB,8,0) -> #N/A | E28: =VLOOKUP(A28,'Student Master'!H:AB,9,0) -> #N/A | F28: =VLOOKUP(A28,'Student Master'!H:AB,17,0) -> #N/A | G28: =$F$2-D28 -> #N/A | K28: 1200
A29: Shreshth Gupta | B29: 1 | C29: 3600 | D29: =VLOOKUP(A29,'Student Master'!H:AB,8,0) -> #N/A | E29: =VLOOKUP(A29,'Student Master'!H:AB,9,0) -> #N/A | F29: =VLOOKUP(A29,'Student Master'!H:AB,17,0) -> #N/A | G29: =$F$2-D29 -> #N/A | K29: 1200
A30: Shresth Deb | B30: 1 | C30: 3600 | D30: =VLOOKUP(A30,'Student Master'!H:AB,8,0) -> #N/A | E30: =VLOOKUP(A30,'Student Master'!H:AB,9,0) -> #N/A | F30: =VLOOKUP(A30,'Student Master'!H:AB,17,0) -> #N/A | G30: =$F$2-D30 -> #N/A | K30: 1200
A31: Shreya Asarma | B31: 1 | C31: 3600 | D31: =VLOOKUP(A31,'Student Master'!H:AB,8,0) -> #N/A | E31: =VLOOKUP(A31,'Student Master'!H:AB,9,0) -> #N/A | F31: =VLOOKUP(A31,'Student Master'!H:AB,17,0) -> #N/A | G31: =$F$2-D31 -> #N/A | K31: 1200
A32: Shridnyesh Aher | B32: 1 | C32: 3600 | D32: =VLOOKUP(A32,'Student Master'!H:AB,8,0) -> #N/A | E32: =VLOOKUP(A32,'Student Master'!H:AB,9,0) -> #N/A | F32: =VLOOKUP(A32,'Student Master'!H:AB,17,0) -> #N/A | G32: =$F$2-D32 -> #N/A | K32: 1200
A33: Spruha Patil | B33: 1 | C33: 1800 | D33: =VLOOKUP(A33,'Student Master'!H:AB,8,0) -> #N/A | E33: =VLOOKUP(A33,'Student Master'!H:AB,9,0) -> #N/A | F33: =VLOOKUP(A33,'Student Master'!H:AB,17,0) -> #N/A | G33: =$F$2-D33 -> #N/A | K33: 1200
A34: Tanish Mulay | B34: 1 | D34: =VLOOKUP(A34,'Student Master'!H:AB,8,0) -> #N/A | E34: =VLOOKUP(A34,'Student Master'!H:AB,9,0) -> #N/A | F34: =VLOOKUP(A34,'Student Master'!H:AB,17,0) -> #N/A | G34: =$F$2-D34 -> #N/A | K34: 1200
A35: Tanush Mulay | B35: 1 | C35: 3250 | D35: =VLOOKUP(A35,'Student Master'!H:AB,8,0) -> #N/A | E35: =VLOOKUP(A35,'Student Master'!H:AB,9,0) -> #N/A | F35: =VLOOKUP(A35,'Student Master'!H:AB,17,0) -> #N/A | G35: =$F$2-D35 -> #N/A | K35: 1200
A36: Vedant Kumar | B36: 1 | C36: 15600 | D36: =VLOOKUP(A36,'Student Master'!H:AB,8,0) -> #N/A | E36: =VLOOKUP(A36,'Student Master'!H:AB,9,0) -> #N/A | F36: =VLOOKUP(A36,'Student Master'!H:AB,17,0) -> #N/A | G36: =$F$2-D36 -> #N/A | K36: 1200
A37: Vikramaditya Jagtap | B37: 1 | D37: =VLOOKUP(A37,'Student Master'!H:AB,8,0) -> #N/A | E37: =VLOOKUP(A37,'Student Master'!H:AB,9,0) -> #N/A | F37: =VLOOKUP(A37,'Student Master'!H:AB,17,0) -> #N/A | G37: =$F$2-D37 -> #N/A | K37: 1200
A38: Viraj Sethi | B38: 1 | C38: 2400 | D38: =VLOOKUP(A38,'Student Master'!H:AB,8,0) -> #N/A | E38: =VLOOKUP(A38,'Student Master'!H:AB,9,0) -> #N/A | F38: =VLOOKUP(A38,'Student Master'!H:AB,17,0) -> #N/A | G38: =$F$2-D38 -> #N/A | K38: 2500
A39: Vivaan Dabe | B39: 1 | C39: 3600 | D39: =VLOOKUP(A39,'Student Master'!H:AB,8,0) -> #N/A | E39: =VLOOKUP(A39,'Student Master'!H:AB,9,0) -> #N/A | F39: =VLOOKUP(A39,'Student Master'!H:AB,17,0) -> #N/A | G39: =$F$2-D39 -> #N/A | K39: 2500
A40: Vivaan Garg | B40: 1 | D40: =VLOOKUP(A40,'Student Master'!H:AB,8,0) -> #N/A | E40: =VLOOKUP(A40,'Student Master'!H:AB,9,0) -> #N/A | F40: =VLOOKUP(A40,'Student Master'!H:AB,17,0) -> #N/A | G40: =$F$2-D40 -> #N/A | K40: 2500
A41: Yugansh Pawar | B41: 1 | D41: =VLOOKUP(A41,'Student Master'!H:AB,8,0) -> #N/A | E41: =VLOOKUP(A41,'Student Master'!H:AB,9,0) -> #N/A | F41: =VLOOKUP(A41,'Student Master'!H:AB,17,0) -> #N/A | G41: =$F$2-D41 -> #N/A | K41: 2500
A42: Yuvan Lalchandani | B42: 1 | D42: =VLOOKUP(A42,'Student Master'!H:AB,8,0) -> #N/A | E42: =VLOOKUP(A42,'Student Master'!H:AB,9,0) -> #N/A | F42: =VLOOKUP(A42,'Student Master'!H:AB,17,0) -> #N/A | G42: =$F$2-D42 -> #N/A | K42: 2500
A43: Kabeer Kherajani | B43: 1 | D43: =VLOOKUP(A43,'Student Master'!H:AB,8,0) -> #N/A | E43: =VLOOKUP(A43,'Student Master'!H:AB,9,0) -> #N/A | F43: =VLOOKUP(A43,'Student Master'!H:AB,17,0) -> #N/A | G43: =$F$2-D43 -> #N/A | K43: 2500
A44: Vedika Shinde | B44: 1 | D44: =VLOOKUP(A44,'Student Master'!H:AB,8,0) -> #N/A | E44: =VLOOKUP(A44,'Student Master'!H:AB,9,0) -> #N/A | F44: =VLOOKUP(A44,'Student Master'!H:AB,17,0) -> #N/A | G44: =$F$2-D44 -> #N/A | K44: 2500
A45: Hiya Agarwal | B45: 1 | D45: =VLOOKUP(A45,'Student Master'!H:AB,8,0) -> #N/A | E45: =VLOOKUP(A45,'Student Master'!H:AB,9,0) -> #N/A | F45: =VLOOKUP(A45,'Student Master'!H:AB,17,0) -> #N/A | G45: =$F$2-D45 -> #N/A | K45: 2500
A46: Soumya Takle | B46: 1 | D46: =VLOOKUP(A46,'Student Master'!H:AB,8,0) -> #N/A | E46: =VLOOKUP(A46,'Student Master'!H:AB,9,0) -> #N/A | F46: =VLOOKUP(A46,'Student Master'!H:AB,17,0) -> #N/A | G46: =$F$2-D46 -> #N/A | K46: 2500
A47: Urja Jadhav | B47: 1 | C47: 3600
A48: Swara Pakhare | B48: 1
A49: Siddhi Pakhare | B49: 1
A50: Shreeraj Jadhav | B50: 1 | C50: 3600
A51: Aarav Sandeep Dhanajkar | B51: 1
A52: Heer Sharma | B52: 1
A53: Ishani Satpute | B53: 1
A54: Manasvi Yogesh Bagul | B54: 1 | C54: 3600
A55: Pranavi Reddy | B55: 1 | C55: 3600
A56: Hrisha Reddy | B56: 1 | C56: 3600
A57: Vrushank Upadhye | B57: 1 | C57: 3600
A58: Lekeisha Pooja Agarwal | B58: 1 | C58: 2400
A59: Akshat Jain | B59: 1 | C59: 2400
A60: Kiyansh (dance Teacher) | B60: 1 | C60: 2400
A61: Agastya Dhanvijay Patil | B61: 1
A62: Ashwath Dhanvijay Patil | B62: 1
A63: Anaisha Jain | B63: 1 | C63: 4800
A64: Vihaan Shukla | B64: 1 | C64: 1200
A65: Paanvi Shukla | B65: 1 | C65: 1200
A66: Shinjini Yadav | B66: 1
A67: Maiesha Anand | B67: 1
A68: Gracia Sewani | B68: 1 | C68: 2000
A69: Chaitnya Gite | B69: 1 | C69: 1200
A70: Spriha Kamath | B70: 1 | C70: 3600
A71: Raashi Rajnale | B71: 1 | C71: 2400
A72: Nitya Sharma | B72: 1
A73: Krushna Karad | B73: 1
A74: Atharva Pol | B74: 1
A75: Dhyana Desai | B75: 1
A76: Dhyan Desai | B76: 1
A77: Aarya Pawar Chaudhary | B77: 1
A78: Eva Ghadge | B78: 1 | C78: 1600
A79: Shlok Mahajan | B79: 1
A80: Aarav Jagdish Patil | B80: 1 | C80: 1600
A81: Kriyansh Chhabria | B81: 1 | C81: 4800
A82: Maneet Manoj Muttepawar | B82: 1 | C82: 2400
A83: Grand Total | B83: 77 | C83: 133450

Sheet D0
A3: Sum of Received Fee | C3: Level Progress
A4: Student Name | B4: Level Name | C4: Completed | D4: Completed | E4: WIP | F4: WIP_InActive | G4: Grand Total
A5: Shresth Deb | B5: Runner 5 | E5: 3600 | G5: 3600
B6: Runner-1 | C6: 4800 | G6: 4800
B7: Runner-2 | C7: 3600 | G7: 3600
B8: Runner-3 | C8: 4800 | G8: 4800
B9: Runner-4 | C9: 5400 | G9: 5400
A10: Shresth Deb Total | C10: 18600 | E10: 3600 | G10: 22200
A11: Shreshth Gupta | B11: Runner-1 | D11: 7200 | G11: 7200
B12: Runner-2 | C12: 6300 | G12: 6300
B13: Runner-3 | E13: 3600 | G13: 3600
B14: Sr.KG | C14: 4800 | G14: 4800
A15: Shreshth Gupta Total | C15: 11100 | D15: 7200 | E15: 3600 | G15: 21900
A16: Riyansh Pawar | B16: Runner 5 | C16: 3600 | G16: 3600
B17: Runner-1 | C17: 3600 | G17: 3600
B18: Runner-2 | C18: 3600 | G18: 3600
B19: Runner-3 | C19: 3600 | G19: 3600
B20: Runner-4 | C20: 3600 | G20: 3600
B21: Advance level -1 | C21: 3600 | G21: 3600
B22: Advance level -2
A23: Riyansh Pawar Total | C23: 21600 | G23: 21600
A24: Prathmesh Zope | B24: Advance Level-1 | C24: 3600 | G24: 3600
B25: Sprinter Level-1 | C25: 3600 | G25: 3600
B26: Sprinter Level-2 | C26: 3600 | G26: 3600
B27: Sprinter Level-3 | C27: 3600 | G27: 3600
B28: Sprinter Level-4 | C28: 3600 | G28: 3600
B29: Advance Level-2 | E29: 3600 | G29: 3600
A30: Prathmesh Zope Total | C30: 18000 | E30: 3600 | G30: 21600
A31: Chaitnya Bhave | B31: Runner-1 | C31: 7800 | G31: 7800
B32: Runner-2 | C32: 7200 | G32: 7200
B33: Runner-3 | E33: 3600 | G33: 3600
A34: Chaitnya Bhave Total | C34: 15000 | E34: 3600 | G34: 18600
A35: Shubhra Rokade | B35: Sprinter Level-1 | C35: 3600 | G35: 3600
B36: Sprinter Level-2 | C36: 3000 | G36: 3000
B37: Sprinter Level-3 | C37: 3000 | G37: 3000
B38: Sprinter Level-4 | D38: 3600 | G38: 3600
B39: Advance level -1 | C39: 4200 | G39: 4200
A40: Shubhra Rokade Total | C40: 13800 | D40: 3600 | G40: 17400
A41: Aarohi Fegde | B41: Runner-1 | C41: 4800 | G41: 4800
B42: Runner-2 | C42: 2400 | G42: 2400
B43: Runner-3 | C43: 3600 | G43: 3600
B44: Runner-4 | F44: 4800 | G44: 4800
A45: Aarohi Fegde Total | C45: 10800 | F45: 4800 | G45: 15600
A46: Vedant Kumar | B46: Sprinter-1 | E46: 15600 | G46: 15600
A47: Vedant Kumar Total | E47: 15600 | G47: 15600
A48: Jyotiraditya Jagtap | B48: Runner -4 | C48: 4600 | G48: 4600
B49: Runner 5
B50: Runner-1 | C50: 3600 | G50: 3600
B51: Runner-2 | C51: 3600 | G51: 3600
B52: Runner-3 | C52: 3600 | G52: 3600
A53: Jyotiraditya Jagtap Total | C53: 15400 | G53: 15400
A54: Swastika Yadhav | B54: Runner -4 | D54: 3600 | G54: 3600
B55: Runner-1 | C55: 3600 | G55: 3600
B56: Runner-2 | C56: 3600 | G56: 3600
B57: Runner-3 | C57: 3600 | G57: 3600
B58: Runner -5
A59: Swastika Yadhav Total | C59: 10800 | D59: 3600 | G59: 14400
A60: Atharva Titave | B60: Runner-1 | C60: 3600 | G60: 3600
B61: Runner-2 | C61: 3600 | G61: 3600
B62: Runner-3 | C62: 3600 | G62: 3600
B63: Runner-4
B64: Sr.KG | C64: 3600 | G64: 3600
A65: Atharva Titave Total | C65: 14400 | G65: 14400
A66: Arnish Jhamtani | B66: Runner 1 | C66: 3600 | G66: 3600
B67: Runner 2 | D67: 3600 | G67: 3600
B68: Sr.KG | C68: 3600 | G68: 3600
B69: Runner 3 | E69: 3600 | G69: 3600
A70: Arnish Jhamtani Total | C70: 7200 | D70: 3600 | E70: 3600 | G70: 14400
A71: Aayushman Kale | B71: Runner 4 | C71: 3600 | G71: 3600
B72: Runner-1 | C72: 3600 | G72: 3600
B73: Runner-2 | C73: 3600 | G73: 3600
B74: Runner-3 | C74: 3100 | G74: 3100
B75: Runner-5
A76: Aayushman Kale Total | C76: 13900 | G76: 13900
A77: Divisha Vyawahare | B77: Runner-1 | F77: 8400 | G77: 8400
B78: Sr.KG | C78: 4800 | G78: 4800
A79: Divisha Vyawahare Total | C79: 4800 | F79: 8400 | G79: 13200
A80: Ishanvi Bhatt | B80: Runner 1 | F80: 7200 | G80: 7200
B81: Sr.KG | C81: 4800 | G81: 4800
A82: Ishanvi Bhatt Total | C82: 4800 | F82: 7200 | G82: 12000
A83: Vikramaditya Jagtap | B83: Runner 4
B84: Runner-1 | C84: 3600 | G84: 3600
B85: Runner-2 | C85: 3600 | G85: 3600
B86: Runner-3 | D86: 3600 | G86: 3600
A87: Vikramaditya Jagtap Total | C87: 7200 | D87: 3600 | G87: 10800
A88: Advik Khadelwal | B88: Runner 1 | C88: 3600 | G88: 3600
B89: Runner 2 | C89: 3600 | G89: 3600
B90: Runner -4 | C90: 1200 | G90: 1200
B91: Runner -3 | C91: 2400 | G91: 2400
A92: Advik Khadelwal Total | C92: 10800 | G92: 10800
A93: Shridnyesh Aher | B93: Runner 1 | C93: 7200 | G93: 7200
B94: Runner-2 | E94: 3600 | G94: 3600
A95: Shridnyesh Aher Total | C95: 7200 | E95: 3600 | G95: 10800
A96: Asmi Kshirsagar | B96: Sprinter Level-1 | C96: 3600 | G96: 3600
B97: Sprinter Level-2 | C97: 3600 | G97: 3600
B98: Sprinter Level-3 | C98: 3600 | G98: 3600
A99: Asmi Kshirsagar Total | C99: 10800 | G99: 10800
A100: Samyak Bora | B100: Runner 2 | D100: 3600 | G100: 3600
B101: Runner-1 | D101: 3600 | G101: 3600
B102: Runner-3 | C102: 3600 | G102: 3600
...

Sheet D1
B1: Level Progress | C1: WIP | K1: =K15*1200 -> 8400
B3: Count of Student Name | C3: Batch | O3: Time Slot | P3: Day wise calendar block
B4: Level # | C4: Daily-4-5 | D4: M-W-4-5 | E4: M-F-7-8 | F4: O-T-T-4-5 | G4: T-T-6-7 | H4: W-F-6-7 | I4: SAT-4-6 | J4: (blank) | K4: Sun 4-6 | L4: Daily | M4: Grand Total | P4: MON | Q4: TUE | R4: WED | S4: THU | T4: FRI | U4: SAT | V4: SUN | W4: Total | X4: PerMonth
B5: A01 | K5: 1 | M5: 1 | O5: 4 TO 5 | P5: 1 | Q5: 1 | R5: 1 | S5: 1 | U5: 1 | V5: 1 | W5: 6
B6: A02 | C6: 2 | G6: 1 | H6: 3 | M6: 6 | O6: 5 TO 6 | U6: 1 | V6: 1 | W6: 2
B7: A03 | D7: 3 | E7: 2 | G7: 4 | H7: 2 | I7: 1 | J7: 1 | K7: 4 | L7: 1 | M7: 18 | O7: 6 TO 7 | Q7: 1 | R7: 1 | S7: 1 | T7: 1 | W7: 4
B8: A04 | D8: 1 | E8: 1 | I8: 1 | J8: 1 | K8: 1 | M8: 5 | O8: 7 TO 8 | P8: 1 | T8: 1 | W8: 2
B9: A05 | D9: 1 | F9: 1 | I9: 1 | M9: 3 | O9: Total Hrs | P9: 2 | Q9: 2 | R9: 2 | S9: 2 | T9: 2 | U9: 2 | V9: 2 | W9: 14 | X9: 60 | Y9: =X9/9 -> 6.6666667
B10: A06 | D10: 2 | G10: 1 | K10: 1 | M10: 4
B11: A07 | F11: 1 | M11: 1 | O11: Time Slot | P11: Day and Batch wise student count
B12: A08 | D12: 1 | M12: 1 | P12: MON | Q12: TUE | R12: WED | S12: THU | T12: FRI | U12: SAT | V12: SUN
B13: A11 | E13: 1 | M13: 1 | O13: 4 TO 5 | P13: =2+6 -> 8 | Q13: =2+2 -> 4 | R13: =2+6 -> 8 | S13: =2+2 -> 4 | U13: =2+8 -> 10 | V13: 0
B14: A13 | E14: 1 | M14: 1 | O14: 5 TO 6 | U14: 8 | V14: 1
B15: Grand Total | C15: 2 | D15: 8 | E15: 5 | F15: 2 | G15: 6 | H15: 5 | I15: 3 | J15: 2 | K15: 7 | L15: 1 | M15: 41 | O15: 6 TO 7 | Q15: 4 | R15: 6 | S15: 4 | T15: 8
O16: 7 TO 8 | P16: 6 | T16: 6
O17: Total# | P17: 14 | Q17: 8 | R17: 14 | S17: 8 | T17: 14 | U17: 10 | V17: 1

Sheet D2
B1: Level Progress | C1: WIP
B3: Count of Student Name | D3: Level #
B4: Batch | C4: Student Name | D4: A01 | E4: A02 | F4: A03 | G4: A04 | H4: A05 | I4: A06 | J4: A07 | K4: A08 | L4: A11 | M4: A13 | N4: Grand Total
B5: Daily-4-5 | C5: Prisha Deshmukh | E5: 1 | N5: 1
C6: Riaan Deshmukh | E6: 1 | N6: 1
B7: Daily-4-5 Total | E7: 2 | N7: 2
B8: M-F-7-8 | C8: Arnav Sachin Patil | G8: 1 | N8: 1
C9: Arnish Jhamtani | F9: 1 | N9: 1
C10: Prathmesh Zope | M10: 1 | N10: 1
C11: Shubhra Rokade | L11: 1 | N11: 1
C12: Vedant Kumar | F12: 1 | N12: 1
B13: M-F-7-8 Total | F13: 2 | G13: 1 | L13: 1 | M13: 1 | N13: 5
B14: M-W-4-5 | C14: Aaradhya | K14: 1 | N14: 1
C15: Aayushman Kale | I15: 1 | N15: 1
C16: Advik Khadelwal | F16: 1 | N16: 1
C17: Jyotiraditya Jagtap | I17: 1 | N17: 1
C18: Mahir Gandhi | G18: 1 | N18: 1
C19: Vikramaditya Jagtap | H19: 1 | N19: 1
C20: Kabir Kherajani | F20: 1 | N20: 1
C21: Nivaan Keswani | F21: 1 | N21: 1
B22: M-W-4-5 Total | F22: 3 | G22: 1 | H22: 1 | I22: 2 | K22: 1 | N22: 8
B23: O-T-T-4-5 | C23: Riyansh Pawar | J23: 1 | N23: 1
C24: Shreya Asarma | H24: 1 | N24: 1
B25: O-T-T-4-5 Total | H25: 1 | J25: 1 | N25: 2
B26: SAT-4-6 | C26: Atharva Titave | H26: 1 | N26: 1
C27: Shridnyesh Aher | F27: 1 | N27: 1
C28: Spruha Patil | G28: 1 | N28: 1
B29: SAT-4-6 Total | F29: 1 | G29: 1 | H29: 1 | N29: 3
B30: T-T-6-7 | C30: Aarohi Fegde | I30: 1 | N30: 1
C31: Archit Shette | F31: 1 | N31: 1
C32: Navya Thakkar | F32: 1 | N32: 1
C33: Paridhi Agarwal | E33: 1 | N33: 1
C34: Tanvi Naik | F34: 1 | N34: 1
C35: Satvika Yadav | F35: 1 | N35: 1
B36: T-T-6-7 Total | E36: 1 | F36: 4 | I36: 1 | N36: 6
B37: W-F-6-7 | C37: Divisha Vyawahare | F37: 1 | N37: 1
C38: Hridhaan Bagla | E38: 1 | N38: 1
C39: Ishanvi Bhatt | F39: 1 | N39: 1
C40: Prisha Shah | E40: 1 | N40: 1
C41: Yugansh Pawar | E41: 1 | N41: 1
B42: W-F-6-7 Total | E42: 3 | F42: 2 | N42: 5
B43: (blank) | C43: Avyaan Chaumal | F43: 1 | N43: 1
C44: Shreshth Gupta | G44: 1 | N44: 1
B45: (blank) Total | F45: 1 | G45: 1 | N45: 2
B46: Sun 4-6 | C46: Arnav Pol | F46: 1 | N46: 1
C47: Chaitnya Bhave | G47: 1 | N47: 1
C48: Jaanvi Nitin Khandagale | F48: 1 | N48: 1
C49: Rumi Pandita | D49: 1 | N49: 1
C50: Swastika Yadhav | I50: 1 | N50: 1
C51: Vivaan Garg | F51: 1 | N51: 1
C52: Kaira Sharma | F52: 1 | N52: 1
B53: Sun 4-6 Total | D53: 1 | F53: 4 | G53: 1 | I53: 1 | N53: 7
B54: Daily | C54: Samyak Bora | F54: 1 | N54: 1
B55: Daily Total | F55: 1 | N55: 1
B56: Grand Total | D56: 1 | E56: 6 | F56: 18 | G56: 5 | H56: 3 | I56: 4 | J56: 1 | K56: 1 | L56: 1 | M56: 1 | N56: 41

Sheet D4
A3: Student Name | B3: Level Name | C3: Sum of Expected Fee | D3: Sum of Received Fee | E3: Sum of NO OF SESSIONS TAKEN | F3: Sum of MONTHS TAken to complete levvel
A4: Shresth Deb | B4: Runner 5 | C4: 3600 | D4: 3600 | H4: =F4*1200 -> 0 | I4: =D4-H4 -> 3600
B5: Runner-1 | C5: 4800 | D5: 4800 | E5: 29 | F5: 3.6 | H5: =F5*1200 -> 4320 | I5: =D5-H5 -> 480
B6: Runner-2 | C6: 3600 | D6: 3600 | E6: 21 | F6: 2.5333333 | H6: =F6*1200 -> 3040 | I6: =D6-H6 -> 560
B7: Runner-3 | C7: 4800 | D7: 4800 | E7: 33 | F7: 4.0666667 | H7: 5400 | I7: 0
B8: Runner-4 | C8: 5400 | D8: 5400 | E8: 128 | F8: 15.966667
A9: Shresth Deb Total | C9: 22200 | D9: 22200 | E9: 211 | F9: 26.166667 | H9: =F9*1200 -> 31400 | I9: =D9-H9 -> -9200
A10: Shreshth Gupta | B10: Runner-1 | C10: 6000 | D10: 7200 | E10: 59 | F10: 7.2666667 | H10: =F10*1200 -> 8720 | I10: =D10-H10 -> -1520
B11: Runner-2 | C11: 3600 | D11: 6300 | E11: 42 | F11: 5.1333333 | H11: =F11*1200 -> 6160 | I11: =D11-H11 -> 140
B12: Runner-3 | C12: 3600 | D12: 3600 | H12: =F12*1200 -> 0 | I12: =D12-H12 -> 3600
B13: Sr.KG | C13: 4800 | D13: 4800 | E13: 30 | F13: 3.6666667 | H13: =F13*1200 -> 4400 | I13: =D13-H13 -> 400
A14: Shreshth Gupta Total | C14: 18000 | D14: 21900 | E14: 131 | F14: 16.066667 | H14: =F14*1200 -> 19280 | I14: =D14-H14 -> 2620
A15: Riyansh Pawar | B15: Runner 5 | C15: 3600 | D15: 3600 | E15: 25 | F15: 3.0666667 | H15: =F15*1200 -> 3680 | I15: =D15-H15 -> -80
B16: Runner-1 | C16: 3600 | D16: 3600 | E16: 11 | F16: 1.3666667 | H16: =F16*1200 -> 1640 | I16: =D16-H16 -> 1960
B17: Runner-2 | C17: 3600 | D17: 3600 | E17: 9 | F17: 1.1 | H17: =F17*1200 -> 1320 | I17: =D17-H17 -> 2280
B18: Runner-3 | C18: 3600 | D18: 3600 | E18: 17 | F18: 2.1 | H18: =F18*1200 -> 2520 | I18: =D18-H18 -> 1080
B19: Runner-4 | C19: 3600 | D19: 3600 | E19: 14 | F19: 1.6333333 | H19: =F19*1200 -> 1960 | I19: =D19-H19 -> 1640
B20: Advance level -1 | C20: 3600 | D20: 3600 | H20: =F20*1200 -> 0 | I20: =D20-H20 -> 3600
B21: Advance level -2 | C21: 3600 | H21: =F21*1200 -> 0 | I21: =D21-H21 -> 0
A22: Riyansh Pawar Total | C22: 25200 | D22: 21600 | E22: 76 | F22: 9.2666667 | H22: =F22*1200 -> 11120 | I22: =D22-H22 -> 10480
A23: Prathmesh Zope | B23: Advance Level-1 | C23: 3600 | D23: 3600 | E23: 50 | F23: 6.1666667 | H23: =F23*1200 -> 7400 | I23: =D23-H23 -> -3800
B24: Sprinter Level-1 | C24: 3600 | D24: 3600 | E24: 44 | F24: 5.4666667 | H24: =F24*1200 -> 6560 | I24: =D24-H24 -> -2960
B25: Sprinter Level-2 | C25: 3600 | D25: 3600 | E25: 24 | F25: 2.9 | H25: =F25*1200 -> 3480 | I25: =D25-H25 -> 120
B26: Sprinter Level-3 | C26: 3600 | D26: 3600 | E26: 40 | F26: 4.9 | H26: =F26*1200 -> 5880 | I26: =D26-H26 -> -2280
B27: Sprinter Level-4 | C27: 3600 | D27: 3600 | E27: 46 | F27: 5.6333333 | H27: =F27*1200 -> 6760 | I27: =D27-H27 -> -3160
B28: Advance Level-2 | C28: 3600 | D28: 3600 | E28: 83 | F28: 10.333333 | H28: =F28*1200 -> 12400 | I28: =D28-H28 -> -8800
A29: Prathmesh Zope Total | C29: 21600 | D29: 21600 | E29: 287 | F29: 35.4 | H29: =F29*1200 -> 42480 | I29: =D29-H29 -> -20880
A30: Chaitnya Bhave | B30: Runner-1 | C30: 8400 | D30: 7800 | E30: 58 | F30: 7.1333333 | H30: =F30*1200 -> 8560 | I30: =D30-H30 -> -760
B31: Runner-2 | C31: 3600 | D31: 7200 | E31: 68 | F31: 8.4 | H31: =F31*1200 -> 10080 | I31: =D31-H31 -> -2880
B32: Runner-3 | C32: 3600 | D32: 3600 | H32: =F32*1200 -> 0 | I32: =D32-H32 -> 3600
A33: Chaitnya Bhave Total | C33: 15600 | D33: 18600 | E33: 126 | F33: 15.533333 | H33: =F33*1200 -> 18640 | I33: =D33-H33 -> -40
A34: Shubhra Rokade | B34: Sprinter Level-1 | C34: 3600 | D34: 3600 | E34: 10 | F34: 1.2 | H34: =F34*1200 -> 1440 | I34: =D34-H34 -> 2160
B35: Sprinter Level-2 | C35: 3600 | D35: 3000 | E35: 8 | F35: 0.93333333 | H35: =F35*1200 -> 1120 | I35: =D35-H35 -> 1880
B36: Sprinter Level-3 | C36: 3600 | D36: 3000 | E36: 19 | F36: 2.2666667 | H36: =F36*1200 -> 2720 | I36: =D36-H36 -> 280
B37: Sprinter Level-4 | C37: 3600 | D37: 3600 | E37: 33 | F37: 4.0666667 | H37: =F37*1200 -> 4880 | I37: =D37-H37 -> -1280
B38: Advance level -1 | C38: 3600 | D38: 4200 | E38: 45 | F38: 5.6 | H38: =F38*1200 -> 6720 | I38: =D38-H38 -> -2520
A39: Shubhra Rokade Total | C39: 18000 | D39: 17400 | E39: 115 | F39: 14.066667 | H39: =F39*1200 -> 16880 | I39: =D39-H39 -> 520
A40: Aarohi Fegde | B40: Runner-1 | C40: 4800 | D40: 4800 | E40: 37 | F40: 4.5333333 | H40: =F40*1200 -> 5440 | I40: =D40-H40 -> -640
B41: Runner-2 | C41: 2400 | D41: 2400 | E41: 19 | F41: 2.3 | H41: =F41*1200 -> 2760 | I41: =D41-H41 -> -360
B42: Runner-3 | C42: 3600 | D42: 3600 | E42: 24 | F42: 2.9666667 | H42: =F42*1200 -> 3560 | I42: =D42-H42 -> 40
B43: Runner-4 | C43: 3600 | D43: 4800 | E43: 133 | F43: 16.6 | H43: =F43*1200 -> 19920 | I43: =D43-H43 -> -15120
A44: Aarohi Fegde Total | C44: 14400 | D44: 15600 | E44: 213 | F44: 26.4 | H44: =F44*1200 -> 31680 | I44: =D44-H44 -> -16080
A45: Vedant Kumar | B45: Sprinter-1 | C45: 3600 | D45: 15600 | E45: 113 | F45: 14.1 | H45: =F45*1200 -> 16920 | I45: =D45-H45 -> -1320
A46: Vedant Kumar Total | C46: 3600 | D46: 15600 | E46: 113 | F46: 14.1 | H46: =F46*1200 -> 16920 | I46: =D46-H46 -> -1320
A47: Jyotiraditya Jagtap | B47: Runner -4 | C47: 3600 | D47: 4600 | E47: 43 | F47: 5.3666667 | H47: =F47*1200 -> 6440 | I47: =D47-H47 -> -1840
B48: Runner 5 | C48: 3600 | F48: 7.6666667 | H48: =F48*1200 -> 9200 | I48: =D48-H48 -> -9200
B49: Runner-1 | C49: 3600 | D49: 3600 | E49: 12 | F49: 1.4 | H49: =F49*1200 -> 1680 | I49: =D49-H49 -> 1920
B50: Runner-2 | C50: 3600 | D50: 3600 | E50: 12 | F50: 1.4666667 | H50: =F50*1200 -> 1760 | I50: =D50-H50 -> 1840
B51: Runner-3 | C51: 3600 | D51: 3600 | E51: 18 | F51: 2.1666667 | H51: =F51*1200 -> 2600 | I51: =D51-H51 -> 1000
A52: Jyotiraditya Jagtap Total | C52: 18000 | D52: 15400 | E52: 85 | F52: 18.066667 | H52: =F52*1200 -> 21680 | I52: =D52-H52 -> -6280
A53: Swastika Yadhav | B53: Runner -4 | C53: 3600 | D53: 3600 | E53: 43 | F53: 5.3 | H53: =F53*1200 -> 6360 | I53: =D53-H53 -> -2760
B54: Runner-1 | C54: 3600 | D54: 3600 | E54: 12 | F54: 1.4 | H54: =F54*1200 -> 1680 | I54: =D54-H54 -> 1920
B55: Runner-2 | C55: 3600 | D55: 3600 | E55: 12 | F55: 1.4666667 | H55: =F55*1200 -> 1760 | I55: =D55-H55 -> 1840
B56: Runner-3 | C56: 3600 | D56: 3600 | E56: 19 | F56: 2.3333333 | H56: =F56*1200 -> 2800 | I56: =D56-H56 -> 800
B57: Runner -5 | C57: 3600 | H57: =F57*1200 -> 0 | I57: =D57-H57 -> 0
A58: Swastika Yadhav Total | C58: 18000 | D58: 14400 | E58: 86 | F58: 10.5 | H58: =F58*1200 -> 12600 | I58: =D58-H58 -> 1800
A59: Atharva Titave | B59: Runner-1 | C59: 3600 | D59: 3600 | E59: 59 | F59: 7.3666667 | H59: =F59*1200 -> 8840 | I59: =D59-H59 -> -5240
B60: Runner-2 | C60: 3600 | D60: 3600 | E60: 38 | F60: 4.7 | H60: =F60*1200 -> 5640 | I60: =D60-H60 -> -2040
B61: Runner-3 | C61: 3600 | D61: 3600 | E61: 60 | F61: 7.4333333 | H61: =F61*1200 -> 8920 | I61: =D61-H61 -> -5320
B62: Runner-4 | C62: 3600 | H62: =F62*1200 -> 0 | I62: =D62-H62 -> 0
B63: Sr.KG | C63: 3600 | D63: 3600 | E63: 28 | F63: 3.4666667 | H63: =F63*1200 -> 4160 | I63: =D63-H63 -> -560
A64: Atharva Titave Total | C64: 18000 | D64: 14400 | E64: 185 | F64: 22.966667 | H64: =F64*1200 -> 27560 | I64: =D64-H64 -> -13160
A65: Arnish Jhamtani | B65: Runner 1 | C65: 3600 | D65: 3600 | E65: 42 | F65: 5.2 | H65: =F65*1200 -> 6240 | I65: =D65-H65 -> -2640
B66: Runner 2 | C66: 3600 | D66: 3600 | H66: =F66*1200 -> 0 | I66: =D66-H66 -> 3600
B67: Sr.KG | C67: 3600 | D67: 3600 | E67: 20 | F67: 2.4 | H67: =F67*1200 -> 2880 | I67: =D67-H67 -> 720
B68: Runner 3 | C68: 3600 | D68: 3600 | H68: =F68*1200 -> 0 | I68: =D68-H68 -> 3600
A69: Arnish Jhamtani Total | C69: 14400 | D69: 14400 | E69: 62 | F69: 7.6 | H69: =F69*1200 -> 9120 | I69: =D69-H69 -> 5280
A70: Aayushman Kale | B70: Runner 4 | C70: 3600 | D70: 3600 | E70: 40 | F70: 4.9 | H70: =F70*1200 -> 5880 | I70: =D70-H70 -> -2280
B71: Runner-1 | C71: 3600 | D71: 3600 | E71: 12 | F71: 1.4666667 | H71: =F71*1200 -> 1760 | I71: =D71-H71 -> 1840
B72: Runner-2 | C72: 3600 | D72: 3600 | E72: 12 | F72: 1.4666667 | H72: =F72*1200 -> 1760 | I72: =D72-H72 -> 1840
B73: Runner-3 | C73: 3600 | D73: 3100 | E73: 22 | F73: 2.6333333 | H73: =F73*1200 -> 3160 | I73: =D73-H73 -> -60
B74: Runner-5 | C74: 3600 | H74: =F74*1200 -> 0 | I74: =D74-H74 -> 0
A75: Aayushman Kale Total | C75: 18000 | D75: 13900 | E75: 86 | F75: 10.466667 | H75: =F75*1200 -> 12560 | I75: =D75-H75 -> 1340
A76: Divisha Vyawahare | B76: Runner-1 | C76: 3600 | D76: 8400 | E76: 87 | F76: 10.866667 | H76: =F76*1200 -> 13040 | I76: =D76-H76 -> -4640
B77: Sr.KG | C77: 3600 | D77: 4800 | E77: 37 | F77: 4.5333333 | H77: =F77*1200 -> 5440 | I77: =D77-H77 -> -640
A78: Divisha Vyawahare Total | C78: 7200 | D78: 13200 | E78: 124 | F78: 15.4 | H78: =F78*1200 -> 18480 | I78: =D78-H78 -> -5280
A79: Ishanvi Bhatt | B79: Runner 1 | C79: 3600 | D79: 7200 | E79: 86 | F79: 10.633333 | H79: =F79*1200 -> 12760 | I79: =D79-H79 -> -5560
B80: Sr.KG | C80: 6000 | D80: 4800 | E80: 39 | F80: 4.8666667 | H80: =F80*1200 -> 5840 | I80: =D80-H80 -> -1040
A81: Ishanvi Bhatt Total | C81: 9600 | D81: 12000 | E81: 125 | F81: 15.5 | H81: =F81*1200 -> 18600 | I81: =D81-H81 -> -6600
A82: Vikramaditya Jagtap | B82: Runner 4 | H82: =F82*1200 -> 0 | I82: =D82-H82 -> 0
B83: Runner-1 | C83: 3600 | D83: 3600 | E83: 12 | F83: 1.4 | H83: =F83*1200 -> 1680 | I83: =D83-H83 -> 1920
B84: Runner-2 | C84: 3600 | D84: 3600 | E84: 16 | F84: 2 | H84: =F84*1200 -> 2400 | I84: =D84-H84 -> 1200
B85: Runner-3 | C85: 3600 | D85: 3600 | E85: 58 | F85: 7.1666667 | H85: =F85*1200 -> 8600 | I85: =D85-H85 -> -5000
A86: Vikramaditya Jagtap Total | C86: 10800 | D86: 10800 | E86: 86 | F86: 10.566667 | H86: =F86*1200 -> 12680 | I86: =D86-H86 -> -1880
A87: Advik Khadelwal | B87: Runner 1 | C87: 3600 | D87: 3600 | E87: 28 | F87: 3.5 | H87: =F87*1200 -> 4200 | I87: =D87-H87 -> -600
B88: Runner 2 | C88: 3600 | D88: 3600 | H88: =F88*1200 -> 0 | I88: =D88-H88 -> 3600
B89: Runner -4 | C89: 3600 | D89: 1200 | H89: =F89*1200 -> 0 | I89: =D89-H89 -> 1200
B90: Runner -3 | C90: 3600 | D90: 2400 | H90: =F90*1200 -> 0 | I90: =D90-H90 -> 2400
A91: Advik Khadelwal Total | C91: 14400 | D91: 10800 | E91: 28 | F91: 3.5 | H91: =F91*1200 -> 4200 | I91: =D91-H91 -> 6600
A92: Shridnyesh Aher | B92: Runner 1 | C92: 3600 | D92: 7200 | E92: 43 | F92: 5.3 | H92: =F92*1200 -> 6360 | I92: =D92-H92 -> 840
B93: Runner-2 | C93: 3600 | D93: 3600 | H93: =F93*1200 -> 0 | I93: =D93-H93 -> 3600
A94: Shridnyesh Aher Total | C94: 7200 | D94: 10800 | E94: 43 | F94: 5.3 | H94: =F94*1200 -> 6360 | I94: =D94-H94 -> 4440
A95: Asmi Kshirsagar | B95: Sprinter Level-1 | C95: 3600 | D95: 3600 | E95: 51 | F95: 6.2666667 | H95: =F95*1200 -> 7520 | I95: =D95-H95 -> -3920
B96: Sprinter Level-2 | C96: 3600 | D96: 3600 | E96: 30 | F96: 3.6666667 | H96: =F96*1200 -> 4400 | I96: =D96-H96 -> -800
B97: Sprinter Level-3 | C97: 3600 | D97: 3600 | E97: 204 | F97: 25.4 | H97: =F97*1200 -> 30480 | I97: =D97-H97 -> -26880
A98: Asmi Kshirsagar Total | C98: 10800 | D98: 10800 | E98: 285 | F98: 35.333333 | H98: =F98*1200 -> 42400 | I98: =D98-H98 -> -31600
A99: Samyak Bora | B99: Runner 2 | C99: 3600 | D99: 3600 | H99: =F99*1200 -> 0 | I99: =D99-H99 -> 3600
B100: Runner-1 | C100: 3600 | D100: 3600 | E100: 17 | F100: 2.0666667 | H100: =F100*1200 -> 2480 | I100: =D100-H100 -> 1120
B101: Runner-3 | C101: 3600 | D101: 3600 | H101: =F101*1200 -> 0 | I101: =D101-H101 -> 3600
B102: Runner-4 | C102: 3600 | H102: =F102*1200 -> 0 | I102: =D102-H102 -> 0
...

Sheet D3
B1: Level Progress | C1: WIP
B3: Count of Student Name | D3: Batch
B4: Level # | C4: Student Name | D4: Daily-4-5 | E4: M-F-7-8 | F4: M-W-4-5 | G4: O-T-T-4-5 | H4: SAT-4-6 | I4: T-T-6-7 | J4: W-F-6-7 | K4: (blank) | L4: Sun 4-6 | M4: Daily | N4: Grand Total
B5: A01 | C5: Rumi Pandita | L5: 1 | N5: 1
B6: A01 Total | L6: 1 | N6: 1
B7: A02 | C7: Hridhaan Bagla | J7: 1 | N7: 1
C8: Paridhi Agarwal | I8: 1 | N8: 1
C9: Prisha Deshmukh | D9: 1 | N9: 1
C10: Prisha Shah | J10: 1 | N10: 1
C11: Riaan Deshmukh | D11: 1 | N11: 1
C12: Yugansh Pawar | J12: 1 | N12: 1
B13: A02 Total | D13: 2 | I13: 1 | J13: 3 | N13: 6
B14: A03 | C14: Advik Khadelwal | F14: 1 | N14: 1
C15: Archit Shette | I15: 1 | N15: 1
C16: Arnav Pol | L16: 1 | N16: 1
C17: Arnish Jhamtani | E17: 1 | N17: 1
C18: Avyaan Chaumal | K18: 1 | N18: 1
C19: Divisha Vyawahare | J19: 1 | N19: 1
C20: Ishanvi Bhatt | J20: 1 | N20: 1
C21: Jaanvi Nitin Khandagale | L21: 1 | N21: 1
C22: Navya Thakkar | I22: 1 | N22: 1
C23: Shridnyesh Aher | H23: 1 | N23: 1
C24: Tanvi Naik | I24: 1 | N24: 1
C25: Vedant Kumar | E25: 1 | N25: 1
C26: Vivaan Garg | L26: 1 | N26: 1
C27: Kaira Sharma | L27: 1 | N27: 1
C28: Kabir Kherajani | F28: 1 | N28: 1
C29: Nivaan Keswani | F29: 1 | N29: 1
C30: Samyak Bora | M30: 1 | N30: 1
C31: Satvika Yadav | I31: 1 | N31: 1
B32: A03 Total | E32: 2 | F32: 3 | H32: 1 | I32: 4 | J32: 2 | K32: 1 | L32: 4 | M32: 1 | N32: 18
B33: A04 | C33: Arnav Sachin Patil | E33: 1 | N33: 1
C34: Chaitnya Bhave | L34: 1 | N34: 1
C35: Mahir Gandhi | F35: 1 | N35: 1
C36: Shreshth Gupta | K36: 1 | N36: 1
C37: Spruha Patil | H37: 1 | N37: 1
B38: A04 Total | E38: 1 | F38: 1 | H38: 1 | K38: 1 | L38: 1 | N38: 5
B39: A05 | C39: Atharva Titave | H39: 1 | N39: 1
C40: Shreya Asarma | G40: 1 | N40: 1
C41: Vikramaditya Jagtap | F41: 1 | N41: 1
B42: A05 Total | F42: 1 | G42: 1 | H42: 1 | N42: 3
B43: A06 | C43: Aarohi Fegde | I43: 1 | N43: 1
C44: Aayushman Kale | F44: 1 | N44: 1
C45: Jyotiraditya Jagtap | F45: 1 | N45: 1
C46: Swastika Yadhav | L46: 1 | N46: 1
B47: A06 Total | F47: 2 | I47: 1 | L47: 1 | N47: 4
B48: A07 | C48: Riyansh Pawar | G48: 1 | N48: 1
B49: A07 Total | G49: 1 | N49: 1
B50: A08 | C50: Aaradhya | F50: 1 | N50: 1
B51: A08 Total | F51: 1 | N51: 1
B52: A11 | C52: Shubhra Rokade | E52: 1 | N52: 1
B53: A11 Total | E53: 1 | N53: 1
B54: A13 | C54: Prathmesh Zope | E54: 1 | N54: 1
B55: A13 Total | E55: 1 | N55: 1
B56: Grand Total | D56: 2 | E56: 5 | F56: 8 | G56: 2 | H56: 3 | I56: 6 | J56: 5 | K56: 2 | L56: 7 | M56: 1 | N56: 41

Sheet Trophy Nomination-Distribution
D1: TROPHY Nomination and Distribution
A3: Sr.No. | B3: Trohpy Season | C3: Name | D3: Level | E3: % | F3: Nominated | G3: Distributed on
A4: 1 | B4: 2nd | C4: Jyotiraditya Nagnath Jagtap | D4: Runner 2 | E4: 100 | F4: Yes | G4: Yes
A5: 2 | B5: 2nd | C5: Aara Y. | D5: Sprinter 1 | E5: 100 | F5: Yes | G5: Yes
A6: 3 | B6: 2nd | C6: Yashwi Atulkumar Patil | D6: Sr.Kg. | E6: 96 | F6: Yes | G6: Yes
A7: 4 | B7: 2nd | C7: Shreya Asarma | D7: Runner 1 | E7: 95 | F7: Yes | G7: Yes
A8: 5 | B8: 2nd | C8: Shubhra Rokade | D8: Sprinter 2 | E8: 100 | F8: Yes | G8: Yes
A9: 6 | B9: 2nd | C9: Spruha Sagar Patil | D9: Runner 1 | E9: 95 | F9: Yes | G9: Yes
A10: 7 | B10: 2nd | C10: Arnav Sachin Patil | D10: Runner 1 | E10: 93 | F10: Yes | G10: Yes
A11: 8 | B11: 2nd | C11: Chaitanya Bhave | D11: Runner 1 | E11: 95 | F11: Yes | G11: Yes
A12: 9 | B12: 2nd | C12: Digvi Swapnil Nikhumbh | D12: Runner 1 | E12: 91 | F12: Yes | G12: Yes
A13: 10 | B13: 2nd | C13: Prathmesh Yogesh Zope | D13: Advance 1 | F13: Yes | G13: Pending
A14: 11 | B14: 2nd | C14: Shresth Deb | D14: Runner 4 | F14: Yes | G14: Pending
A15: 12 | B15: 2nd | C15: Arnav Nitin Patil | D15: Grand Level 1 | F15: Yes | G15: Pending
A18: 1 | B18: 3rd | C18: Avyaan Chaumal | D18: Sr.Kg | E18: 100 | F18: Yes
A19: 2 | C19: Ishanvi Bhatt | D19: Sr.kg | E19: 92 | F19: Yes
A20: 3 | C20: Navya Thakkar | D20: Sr.Kg | F20: Yes
A21: 4 | C21: Divisha Vyaware | D21: Sr.Kg | F21: Yes
A22: 5 | C22: Arnish Jhamtani | D22: Sr.Kg | E22: 100 | F22: Yes
A23: 6
A24: 7
A25: 8
A26: 9
A27: 10

Sheet TimeTable
C1: Prathamesh | D1: Atharv Titave | E1: Ishan | F1: Aarohi | G1: Shreshth Gupta | H1: Chaitanya Bhave | I1: Aayushman | J1: Swastika | K1: Vikramaditya | L1: Jyotiraditya | M1: Riyanash Pawar | N1: Shubhra | O1: Shreya | P1: Spruha | Q1: Aaradhya | R1: Prisha Shah | S1: Arnav Patil | T1: Avyaan | U1: Ishanvi | V1: Divisha | W1: Vedant | X1: Shridnyesh
C3: Monday
B4: Monday
B5: Tuesday
B6: Wednesday
B7: Thursday
B8: Friday
B9: Saturday
B10: Sunday

Sheet Smart Kid Purchse Tracking
